part,alpha_deg,beta_deg,pose_id,sim_count,sim_freq_pct,geom_CSA_B_pct,geom_CSA_A_pct,geom_CSA_N_pct,geom_CRSA_B_pct,geom_CRSA_A_pct,geom_CRSA_N_pct,ratio_wall,thresh_wall,ratio_floor,thresh_floor,geom_notes,flagged_unstable_by_geometry
Df4a,15.0,15.0,1,1,0.06146281499692686,0.0,0.0,2.12,0.0,0.0,2.36,5.84,2.731,3.368,2.296,TRANSITIONS,True
Df4a,15.0,15.0,2,47,2.8887523048555623,0.93,2.94,0.82,0.18,2.51,0.15,0.155,2.731,0.537,2.296,-,False
Df4a,15.0,15.0,3,1,0.06146281499692686,0.0,0.0,2.42,0.0,0.0,3.47,10.58,2.731,2.543,2.296,TRANSITIONS,True
Df4a,15.0,15.0,4,64,3.933620159803319,1.78,3.99,1.57,0.71,4.07,0.61,0.222,2.731,0.577,2.296,-,False
Df4a,15.0,15.0,5,231,14.197910264290105,16.33,14.44,14.44,14.58,12.35,12.35,0.537,2.731,0.155,2.296,-,False
Df4a,15.0,15.0,6,160,9.834050399508298,20.05,17.72,17.72,24.33,20.61,20.61,0.62,2.731,0.161,2.296,-,False
Df4a,15.0,15.0,7,279,17.148125384142595,19.33,17.09,17.09,19.28,16.33,16.33,0.577,2.731,0.167,2.296,-,False
Df4a,15.0,15.0,8,31,1.9053472649047327,0.77,1.91,0.68,0.18,1.66,0.15,0.161,2.731,0.62,2.296,-,False
Df4a,15.0,15.0,9,0,0.0,0.0,0.0,1.06,0.0,0.0,1.15,10.241,2.731,6.336,2.296,TRANSITIONS,True
Df4a,15.0,15.0,10,20,1.2292562999385372,0.92,1.87,0.81,0.2,1.33,0.17,0.285,2.731,0.62,2.296,-,False
Df4a,15.0,15.0,11,0,0.0,0.0,0.0,1.23,0.0,0.0,1.51,5.898,2.731,3.651,2.296,TRANSITIONS,True
Df4a,15.0,15.0,12,173,10.633066994468347,12.19,10.78,10.78,10.94,9.26,9.26,0.537,2.731,0.399,2.296,-,False
Df4a,15.0,15.0,13,267,16.41057160417947,13.53,11.96,11.96,15.55,13.17,13.17,0.62,2.731,0.285,2.296,-,False
Df4a,15.0,15.0,14,234,14.382298709280885,11.81,10.44,10.44,13.42,11.37,11.37,0.577,2.731,0.222,2.296,-,False
Df4a,15.0,15.0,15,54,3.31899200983405,1.48,3.86,1.31,0.48,4.25,0.4,0.399,2.731,0.537,2.296,-,False
Df4a,15.0,15.0,16,0,0.0,0.0,0.0,2.19,0.0,0.0,2.99,6.102,2.731,3.272,2.296,TRANSITIONS,True
Df4a,15.0,15.0,17,64,3.933620159803319,0.9,2.99,0.8,0.14,3.11,0.12,0.167,2.731,0.577,2.296,-,False
Df4a,15.0,15.0,18,1,0.06146281499692686,0.0,0.0,2.56,0.0,0.0,3.84,4.418,2.731,2.549,2.296,TRANSITIONS,True
Df4a,15.0,15.0,-1,373,22.92562999385372,,,,,,,,2.731,,2.296,UNMATCHED (no catalog pose within quat_match_tol),False
Df4a,15.0,18.0,1,1,0.059844404548174746,0.0,0.0,2.11,0.0,0.0,2.28,5.84,2.731,3.368,2.296,TRANSITIONS,True
Df4a,15.0,18.0,2,56,3.3512866546977857,1.01,3.0,0.89,0.23,2.48,0.19,0.155,2.731,0.537,2.296,-,False
Df4a,15.0,18.0,3,0,0.0,0.0,0.0,2.49,0.0,0.0,3.66,10.58,2.731,2.543,2.296,TRANSITIONS,True
Df4a,15.0,18.0,4,54,3.2315978456014363,1.96,4.22,1.73,0.89,4.4,0.75,0.222,2.731,0.577,2.296,-,False
Df4a,15.0,18.0,5,252,15.080789946140037,16.33,14.42,14.42,16.2,13.66,13.66,0.537,2.731,0.155,2.296,-,False
Df4a,15.0,18.0,6,202,12.088569718731298,19.97,17.63,17.63,23.91,20.15,20.15,0.62,2.731,0.161,2.296,-,False
Df4a,15.0,18.0,7,293,17.5344105326152,19.24,16.99,16.99,19.28,16.25,16.25,0.577,2.731,0.167,2.296,-,False
Df4a,15.0,18.0,8,26,1.5559545182525434,0.83,1.98,0.74,0.23,1.75,0.19,0.161,2.731,0.62,2.296,-,False
Df4a,15.0,18.0,9,0,0.0,0.0,0.0,1.05,0.0,0.0,1.14,10.241,2.731,6.336,2.296,TRANSITIONS,True
Df4a,15.0,18.0,10,27,1.6157989228007181,1.0,1.93,0.88,0.26,1.37,0.22,0.285,2.731,0.62,2.296,-,False
Df4a,15.0,18.0,11,1,0.059844404548174746,0.0,0.0,1.24,0.0,0.0,1.55,5.898,2.731,3.651,2.296,TRANSITIONS,True
Df4a,15.0,18.0,12,219,13.105924596050269,12.03,10.62,10.62,10.04,8.46,8.46,0.537,2.731,0.399,2.296,-,False
Df4a,15.0,18.0,13,214,12.806702573309396,13.49,11.91,11.91,15.81,13.32,13.32,0.62,2.731,0.285,2.296,-,False
Df4a,15.0,18.0,14,235,14.063435068821065,11.58,10.23,10.23,12.45,10.49,10.49,0.577,2.731,0.222,2.296,-,False
Df4a,15.0,18.0,15,48,2.872531418312388,1.58,4.01,1.39,0.52,4.48,0.44,0.399,2.731,0.537,2.296,-,False
Df4a,15.0,18.0,16,1,0.059844404548174746,0.0,0.0,2.2,0.0,0.0,3.05,6.102,2.731,3.272,2.296,TRANSITIONS,True
Df4a,15.0,18.0,17,41,2.453620586475165,0.98,3.06,0.86,0.19,3.21,0.16,0.167,2.731,0.577,2.296,-,False
Df4a,15.0,18.0,18,1,0.059844404548174746,0.0,0.0,2.62,0.0,0.0,4.04,4.418,2.731,2.549,2.296,TRANSITIONS,True
Df4a,15.0,18.0,-1,329,19.68880909634949,,,,,,,,2.731,,2.296,UNMATCHED (no catalog pose within quat_match_tol),False
Df4a,15.0,20.0,1,0,0.0,0.0,0.0,2.07,0.0,0.0,2.23,5.84,2.731,3.368,2.296,TRANSITIONS,True
Df4a,15.0,20.0,2,40,2.4242424242424243,1.1,3.04,0.97,0.3,2.47,0.25,0.155,2.731,0.537,2.296,-,False
Df4a,15.0,20.0,3,1,0.06060606060606061,0.0,0.0,2.52,0.0,0.0,3.89,10.58,2.731,2.543,2.296,TRANSITIONS,True
Df4a,15.0,20.0,4,49,2.9696969696969697,2.16,4.43,1.91,1.15,4.85,0.96,0.222,2.731,0.577,2.296,-,False
Df4a,15.0,20.0,5,212,12.848484848484848,16.33,14.43,14.43,15.03,12.58,12.58,0.537,2.731,0.155,2.296,-,False
Df4a,15.0,20.0,6,238,14.424242424242424,19.86,17.55,17.55,25.95,21.72,21.72,0.62,2.731,0.161,2.296,-,False
Df4a,15.0,20.0,7,276,16.727272727272727,19.13,16.9,16.9,20.34,17.03,17.03,0.577,2.731,0.167,2.296,-,False
Df4a,15.0,20.0,8,24,1.4545454545454546,0.9,2.04,0.8,0.29,1.87,0.25,0.161,2.731,0.62,2.296,-,False
Df4a,15.0,20.0,9,0,0.0,0.0,0.0,1.02,0.0,0.0,1.15,10.241,2.731,6.336,2.296,TRANSITIONS,True
Df4a,15.0,20.0,10,23,1.393939393939394,1.08,1.97,0.95,0.34,1.43,0.29,0.285,2.731,0.62,2.296,-,False
Df4a,15.0,20.0,11,2,0.12121212121212122,0.0,0.0,1.25,0.0,0.0,1.62,5.898,2.731,3.651,2.296,TRANSITIONS,True
Df4a,15.0,20.0,12,242,14.666666666666666,11.88,10.5,10.5,10.07,8.43,8.43,0.537,2.731,0.399,2.296,-,False
Df4a,15.0,20.0,13,226,13.696969696969697,13.45,11.88,11.88,14.08,11.79,11.79,0.62,2.731,0.285,2.296,-,False
Df4a,15.0,20.0,14,229,13.878787878787879,11.37,10.05,10.05,11.63,9.74,9.74,0.577,2.731,0.222,2.296,-,False
Df4a,15.0,20.0,15,38,2.303030303030303,1.69,4.12,1.49,0.58,4.76,0.48,0.399,2.731,0.537,2.296,-,False
Df4a,15.0,20.0,16,2,0.12121212121212122,0.0,0.0,2.15,0.0,0.0,3.12,6.102,2.731,3.272,2.296,TRANSITIONS,True
Df4a,15.0,20.0,17,46,2.787878787878788,1.06,3.09,0.94,0.25,3.33,0.21,0.167,2.731,0.577,2.296,-,False
Df4a,15.0,20.0,18,2,0.12121212121212122,0.0,0.0,2.63,0.0,0.0,4.28,4.418,2.731,2.549,2.296,TRANSITIONS,True
Df4a,15.0,20.0,-1,350,21.21212121212121,,,,,,,,2.731,,2.296,UNMATCHED (no catalog pose within quat_match_tol),False
Df4a,25.0,15.0,1,1,0.0643915003219575,0.0,0.0,2.77,0.0,0.0,3.9,5.84,2.731,3.368,2.296,TRANSITIONS,True
Df4a,25.0,15.0,2,60,3.86349001931745,2.01,4.43,1.65,0.47,4.22,0.32,0.155,2.731,0.537,2.296,-,False
Df4a,25.0,15.0,3,1,0.0643915003219575,0.0,0.0,4.32,0.0,0.0,8.33,10.58,2.731,2.543,2.296,TRANSITIONS,True
Df4a,25.0,15.0,4,88,5.666452028332261,2.86,6.67,2.34,2.06,9.72,1.39,0.222,2.731,0.577,2.296,-,False
Df4a,25.0,15.0,5,197,12.685125563425627,15.4,12.65,12.65,13.68,9.24,9.24,0.537,2.731,0.155,2.296,-,False
Df4a,25.0,15.0,6,164,10.56020605280103,15.59,12.8,12.8,17.21,11.62,11.62,0.62,2.731,0.161,2.296,-,False
Df4a,25.0,15.0,7,228,14.68126207340631,14.88,12.21,12.21,15.5,10.46,10.46,0.577,2.731,0.167,2.296,-,False
Df4a,25.0,15.0,8,55,3.5415325177076626,1.9,3.31,1.56,0.61,3.39,0.41,0.161,2.731,0.62,2.296,-,False
Df4a,25.0,15.0,9,0,0.0,0.0,0.0,0.92,0.0,0.0,1.29,10.241,2.731,6.336,2.296,TRANSITIONS,True
Df4a,25.0,15.0,10,40,2.5756600128783003,1.68,2.31,1.38,0.55,1.67,0.37,0.285,2.731,0.62,2.296,-,False
Df4a,25.0,15.0,11,1,0.0643915003219575,0.0,0.0,1.75,0.0,0.0,2.98,5.898,2.731,3.651,2.296,TRANSITIONS,True
Df4a,25.0,15.0,12,139,8.950418544752093,14.39,11.81,11.81,16.53,11.16,11.16,0.537,2.731,0.399,2.296,-,False
Df4a,25.0,15.0,13,211,13.586606567933034,12.91,10.6,10.6,15.09,10.19,10.19,0.62,2.731,0.285,2.296,-,False
Df4a,25.0,15.0,14,221,14.230521571152607,14.08,11.56,11.56,16.52,11.15,11.15,0.577,2.731,0.222,2.296,-,False
Df4a,25.0,15.0,15,60,3.86349001931745,2.35,7.21,1.93,1.3,11.51,0.88,0.399,2.731,0.537,2.296,-,False
Df4a,25.0,15.0,16,1,0.0643915003219575,0.0,0.0,2.84,0.0,0.0,5.36,6.102,2.731,3.272,2.296,TRANSITIONS,True
Df4a,25.0,15.0,17,85,5.473277527366387,1.96,4.45,1.61,0.47,5.67,0.32,0.167,2.731,0.577,2.296,-,False
Df4a,25.0,15.0,18,1,0.0643915003219575,0.0,0.0,5.28,0.0,0.0,10.63,4.418,2.731,2.549,2.296,TRANSITIONS,True
Df4a,25.0,15.0,-1,447,28.783000643915003,,,,,,,,2.731,,2.296,UNMATCHED (no catalog pose within quat_match_tol),False
Df4a,25.0,18.0,1,0,0.0,0.0,0.0,1.62,0.0,0.0,1.97,5.84,2.731,3.368,2.296,TRANSITIONS,True
Df4a,25.0,18.0,2,75,5.077860528097495,2.07,3.39,1.77,0.49,2.33,0.36,0.155,2.731,0.537,2.296,-,False
Df4a,25.0,18.0,3,0,0.0,0.0,0.0,4.02,0.0,0.0,7.83,10.58,2.731,2.543,2.296,TRANSITIONS,True
Df4a,25.0,18.0,4,71,4.807041299932295,2.98,6.57,2.55,2.03,9.33,1.5,0.222,2.731,0.577,2.296,-,False
Df4a,25.0,18.0,5,183,12.389979688557888,15.81,13.52,13.52,14.64,10.79,10.79,0.537,2.731,0.155,2.296,-,False
Df4a,25.0,18.0,6,180,12.186865267433987,15.95,13.64,13.64,19.7,14.52,14.52,0.62,2.731,0.161,2.296,-,False
Df4a,25.0,18.0,7,223,15.098171970209885,15.2,13.0,13.0,15.24,11.23,11.23,0.577,2.731,0.167,2.296,-,False
Df4a,25.0,18.0,8,45,3.0467163168584968,1.95,3.11,1.67,0.71,2.96,0.52,0.161,2.731,0.62,2.296,-,False
Df4a,25.0,18.0,9,0,0.0,0.0,0.0,0.7,0.0,0.0,0.93,10.241,2.731,6.336,2.296,TRANSITIONS,True
Df4a,25.0,18.0,10,49,3.3175355450236967,1.73,2.18,1.48,0.63,1.4,0.46,0.285,2.731,0.62,2.296,-,False
Df4a,25.0,18.0,11,0,0.0,0.0,0.0,1.44,0.0,0.0,2.43,5.898,2.731,3.651,2.296,TRANSITIONS,True
Df4a,25.0,18.0,12,167,11.306702775897088,13.65,11.68,11.68,14.26,10.51,10.51,0.537,2.731,0.399,2.296,-,False
Df4a,25.0,18.0,13,211,14.285714285714286,13.2,11.29,11.29,16.07,11.85,11.85,0.62,2.731,0.285,2.296,-,False
Df4a,25.0,18.0,14,155,10.49424509140149,13.08,11.18,11.18,14.61,10.77,10.77,0.577,2.731,0.222,2.296,-,False
Df4a,25.0,18.0,15,66,4.468517264725795,2.37,7.33,2.03,1.06,11.42,0.78,0.399,2.731,0.537,2.296,-,False
Df4a,25.0,18.0,16,0,0.0,0.0,0.0,1.41,0.0,0.0,2.48,6.102,2.731,3.272,2.296,TRANSITIONS,True
Df4a,25.0,18.0,17,52,3.5206499661475963,2.01,3.12,1.71,0.56,2.89,0.41,0.167,2.731,0.577,2.296,-,False
Df4a,25.0,18.0,18,0,0.0,0.0,0.0,5.3,0.0,0.0,10.64,4.418,2.731,2.549,2.296,TRANSITIONS,True
Df4a,25.0,18.0,-1,523,35.409614082599866,,,,,,,,2.731,,2.296,UNMATCHED (no catalog pose within quat_match_tol),False
Df4a,25.0,20.0,1,1,0.07358351729212656,0.0,0.0,0.94,0.0,0.0,1.04,5.84,2.731,3.368,2.296,TRANSITIONS,True
Df4a,25.0,20.0,2,85,6.254598969830758,2.14,2.92,1.97,0.55,1.52,0.48,0.155,2.731,0.537,2.296,-,False
Df4a,25.0,20.0,3,0,0.0,0.0,0.0,2.96,0.0,0.0,5.74,10.58,2.731,2.543,2.296,TRANSITIONS,True
Df4a,25.0,20.0,4,66,4.856512141280353,3.12,5.84,2.88,1.98,7.46,1.73,0.222,2.731,0.577,2.296,-,False
Df4a,25.0,20.0,5,155,11.405445180279617,16.24,15.0,15.0,15.52,13.55,13.55,0.537,2.731,0.155,2.296,-,False
Df4a,25.0,20.0,6,190,13.980868285504046,16.33,15.09,15.09,20.61,17.99,17.99,0.62,2.731,0.161,2.296,-,False
Df4a,25.0,20.0,7,186,13.686534216335541,15.54,14.36,14.36,13.95,12.18,12.18,0.577,2.731,0.167,2.296,-,False
Df4a,25.0,20.0,8,48,3.532008830022075,2.0,3.04,1.85,0.95,2.82,0.83,0.161,2.731,0.62,2.296,-,False
Df4a,25.0,20.0,9,2,0.14716703458425312,0.0,0.0,0.55,0.0,0.0,0.69,10.241,2.731,6.336,2.296,TRANSITIONS,True
Df4a,25.0,20.0,10,45,3.3112582781456954,1.78,2.19,1.64,0.87,1.44,0.76,0.285,2.731,0.62,2.296,-,False
Df4a,25.0,20.0,11,1,0.07358351729212656,0.0,0.0,1.19,0.0,0.0,1.99,5.898,2.731,3.651,2.296,TRANSITIONS,True
Df4a,25.0,20.0,12,184,13.539367181751288,12.74,11.76,11.76,11.69,10.21,10.21,0.537,2.731,0.399,2.296,-,False
Df4a,25.0,20.0,13,156,11.479028697571744,13.51,12.48,12.48,17.05,14.89,14.89,0.62,2.731,0.285,2.296,-,False
Df4a,25.0,20.0,14,152,11.184694628403237,12.14,11.21,11.21,15.21,13.28,13.28,0.577,2.731,0.222,2.296,-,False
Df4a,25.0,20.0,15,39,2.869757174392936,2.4,3.68,2.21,0.89,3.45,0.77,0.399,2.731,0.537,2.296,-,False
Df4a,25.0,20.0,16,1,0.07358351729212656,0.0,0.0,0.54,0.0,0.0,0.55,6.102,2.731,3.272,2.296,TRANSITIONS,True
Df4a,25.0,20.0,17,46,3.384841795437822,2.06,2.44,1.9,0.75,1.2,0.65,0.167,2.731,0.577,2.296,-,False
Df4a,25.0,20.0,18,2,0.14716703458425312,0.0,0.0,1.47,0.0,0.0,2.67,4.418,2.731,2.549,2.296,TRANSITIONS,True
Df4a,25.0,20.0,-1,641,47.16703458425313,,,,,,,,2.731,,2.296,UNMATCHED (no catalog pose within quat_match_tol),False
Df4a,35.0,15.0,1,0,0.0,0.0,0.0,2.27,0.0,0.0,2.8,5.84,2.731,3.368,2.296,TRANSITIONS,True
Df4a,35.0,15.0,2,95,6.980161645848641,4.41,6.11,3.84,2.68,4.84,2.05,0.155,2.731,0.537,2.296,-,False
Df4a,35.0,15.0,3,0,0.0,0.0,0.0,3.03,0.0,0.0,6.25,10.58,2.731,2.543,2.296,TRANSITIONS,True
Df4a,35.0,15.0,4,96,7.053637031594416,6.12,8.36,5.33,6.18,10.96,4.71,0.222,2.731,0.577,2.296,-,False
Df4a,35.0,15.0,5,148,10.874357090374724,11.84,10.3,10.3,10.68,8.13,8.13,0.537,2.731,0.155,2.296,-,False
Df4a,35.0,15.0,6,122,8.96399706098457,11.95,10.4,10.4,12.78,9.74,9.74,0.62,2.731,0.161,2.296,-,False
Df4a,35.0,15.0,7,168,12.343864805290227,11.44,9.95,9.95,9.96,7.59,7.59,0.577,2.731,0.167,2.296,-,False
Df4a,35.0,15.0,8,96,7.053637031594416,4.31,5.48,3.75,3.63,6.31,2.76,0.161,2.731,0.62,2.296,-,False
Df4a,35.0,15.0,9,1,0.07347538574577517,0.0,0.0,0.96,0.0,0.0,1.43,10.241,2.731,6.336,2.296,TRANSITIONS,True
Df4a,35.0,15.0,10,57,4.1880969875091845,3.72,4.19,3.24,3.33,3.97,2.53,0.285,2.731,0.62,2.296,-,False
Df4a,35.0,15.0,11,1,0.07347538574577517,0.0,0.0,1.73,0.0,0.0,3.54,5.898,2.731,3.651,2.296,TRANSITIONS,True
Df4a,35.0,15.0,12,106,7.788390889052168,11.97,10.42,10.42,13.03,9.93,9.93,0.537,2.731,0.399,2.296,-,False
Df4a,35.0,15.0,13,158,11.609110947832477,10.02,8.71,8.71,10.59,8.07,8.07,0.62,2.731,0.285,2.296,-,False
Df4a,35.0,15.0,14,141,10.360029390154299,14.94,13.0,13.0,19.71,15.02,15.02,0.577,2.731,0.222,2.296,-,False
Df4a,35.0,15.0,15,85,6.245407788390889,4.98,7.02,4.33,4.55,9.02,3.47,0.399,2.731,0.537,2.296,-,False
Df4a,35.0,15.0,16,0,0.0,0.0,0.0,2.32,0.0,0.0,4.25,6.102,2.731,3.272,2.296,TRANSITIONS,True
Df4a,35.0,15.0,17,86,6.318883174136664,4.28,6.05,3.73,2.87,6.43,2.19,0.167,2.731,0.577,2.296,-,False
Df4a,35.0,15.0,18,1,0.07347538574577517,0.0,0.0,2.69,0.0,0.0,5.55,4.418,2.731,2.549,2.296,TRANSITIONS,True
Df4a,35.0,15.0,-1,639,46.95077149155033,,,,,,,,2.731,,2.296,UNMATCHED (no catalog pose within quat_match_tol),False
Df4a,35.0,18.0,1,0,0.0,0.0,0.0,1.95,0.0,0.0,2.38,5.84,2.731,3.368,2.296,TRANSITIONS,True
Df4a,35.0,18.0,2,85,6.4984709480122325,4.43,5.89,3.95,2.94,4.74,2.36,0.155,2.731,0.537,2.296,-,False
Df4a,35.0,18.0,3,0,0.0,0.0,0.0,2.61,0.0,0.0,5.36,10.58,2.731,2.543,2.296,TRANSITIONS,True
Df4a,35.0,18.0,4,105,8.027522935779816,6.24,8.16,5.56,6.2,10.34,4.98,0.222,2.731,0.577,2.296,-,False
Df4a,35.0,18.0,5,147,11.238532110091743,11.87,10.57,10.57,10.33,8.29,8.29,0.537,2.731,0.155,2.296,-,False
Df4a,35.0,18.0,6,139,10.62691131498471,11.94,10.64,10.64,12.37,9.92,9.92,0.62,2.731,0.161,2.296,-,False
Df4a,35.0,18.0,7,165,12.614678899082568,11.4,10.15,10.15,9.6,7.7,7.7,0.577,2.731,0.167,2.296,-,False
Df4a,35.0,18.0,8,69,5.275229357798165,4.31,5.11,3.84,3.97,5.65,3.19,0.161,2.731,0.62,2.296,-,False
Df4a,35.0,18.0,9,0,0.0,0.0,0.0,0.77,0.0,0.0,1.07,10.241,2.731,6.336,2.296,TRANSITIONS,True
Df4a,35.0,18.0,10,64,4.892966360856269,3.73,4.09,3.32,3.68,4.02,2.95,0.285,2.731,0.62,2.296,-,False
Df4a,35.0,18.0,11,1,0.0764525993883792,0.0,0.0,1.27,0.0,0.0,2.46,5.898,2.731,3.651,2.296,TRANSITIONS,True
Df4a,35.0,18.0,12,139,10.62691131498471,11.72,10.44,10.44,12.42,9.97,9.97,0.537,2.731,0.399,2.296,-,False
Df4a,35.0,18.0,13,130,9.938837920489297,10.0,8.9,8.9,10.54,8.46,8.46,0.62,2.731,0.285,2.296,-,False
Df4a,35.0,18.0,14,129,9.862385321100918,15.18,13.52,13.52,20.59,16.52,16.52,0.577,2.731,0.222,2.296,-,False
Df4a,35.0,18.0,15,64,4.892966360856269,4.89,6.75,4.36,4.2,8.32,3.37,0.399,2.731,0.537,2.296,-,False
Df4a,35.0,18.0,16,0,0.0,0.0,0.0,1.96,0.0,0.0,3.53,6.102,2.731,3.272,2.296,TRANSITIONS,True
Df4a,35.0,18.0,17,71,5.428134556574924,4.28,5.78,3.81,3.17,6.07,2.54,0.167,2.731,0.577,2.296,-,False
Df4a,35.0,18.0,18,0,0.0,0.0,0.0,2.39,0.0,0.0,4.96,4.418,2.731,2.549,2.296,TRANSITIONS,True
Df4a,35.0,18.0,-1,692,52.90519877675841,,,,,,,,2.731,,2.296,UNMATCHED (no catalog pose within quat_match_tol),False
Df4a,35.0,20.0,1,1,0.08673026886383348,0.0,0.0,1.66,0.0,0.0,1.96,5.84,2.731,3.368,2.296,TRANSITIONS,True
Df4a,35.0,20.0,2,100,8.673026886383347,4.47,5.72,4.06,3.25,4.69,2.73,0.155,2.731,0.537,2.296,-,False
Df4a,35.0,20.0,3,1,0.08673026886383348,0.0,0.0,2.2,0.0,0.0,4.38,10.58,2.731,2.543,2.296,TRANSITIONS,True
Df4a,35.0,20.0,4,91,7.8924544666088465,6.39,8.0,5.8,6.16,9.56,5.18,0.222,2.731,0.577,2.296,-,False
Df4a,35.0,20.0,5,101,8.759757155247181,11.96,10.86,10.86,10.45,8.78,8.78,0.537,2.731,0.155,2.296,-,False
Df4a,35.0,20.0,6,123,10.667823070251519,12.0,10.89,10.89,12.64,10.62,10.62,0.62,2.731,0.161,2.296,-,False
Df4a,35.0,20.0,7,120,10.407632263660018,11.43,10.38,10.38,9.69,8.14,8.14,0.577,2.731,0.167,2.296,-,False
Df4a,35.0,20.0,8,90,7.805724197745013,4.34,4.89,3.94,4.33,5.33,3.64,0.161,2.731,0.62,2.296,-,False
Df4a,35.0,20.0,9,2,0.17346053772766695,0.0,0.0,0.64,0.0,0.0,0.8,10.241,2.731,6.336,2.296,TRANSITIONS,True
Df4a,35.0,20.0,10,77,6.678230702515178,3.74,4.04,3.4,3.49,3.74,2.94,0.285,2.731,0.62,2.296,-,False
Df4a,35.0,20.0,11,0,0.0,0.0,0.0,0.95,0.0,0.0,1.69,5.898,2.731,3.651,2.296,TRANSITIONS,True
Df4a,35.0,20.0,12,135,11.70858629661752,11.51,10.45,10.45,11.71,9.85,9.85,0.537,2.731,0.399,2.296,-,False
Df4a,35.0,20.0,13,126,10.928013876843018,10.04,9.12,9.12,10.82,9.1,9.1,0.62,2.731,0.285,2.296,-,False
Df4a,35.0,20.0,14,84,7.285342584562012,14.99,13.61,13.61,20.17,16.96,16.96,0.577,2.731,0.222,2.296,-,False
Df4a,35.0,20.0,15,42,3.642671292281006,4.83,6.48,4.39,3.82,7.46,3.21,0.399,2.731,0.537,2.296,-,False
Df4a,35.0,20.0,16,0,0.0,0.0,0.0,1.67,0.0,0.0,2.86,6.102,2.731,3.272,2.296,TRANSITIONS,True
Df4a,35.0,20.0,17,60,5.203816131830009,4.29,5.57,3.9,3.47,5.78,2.92,0.167,2.731,0.577,2.296,-,False
Df4a,35.0,20.0,18,0,0.0,0.0,0.0,2.09,0.0,0.0,4.25,4.418,2.731,2.549,2.296,TRANSITIONS,True
Df4a,35.0,20.0,-1,847,73.46053772766696,,,,,,,,2.731,,2.296,UNMATCHED (no catalog pose within quat_match_tol),False
Df4a,45.0,15.0,1,0,0.0,0.0,0.0,1.28,0.0,0.0,1.27,5.84,2.731,3.368,2.296,TRANSITIONS,True
Df4a,45.0,15.0,2,93,7.008289374529013,8.03,8.73,7.45,6.75,7.31,6.04,0.155,2.731,0.537,2.296,-,False
Df4a,45.0,15.0,3,0,0.0,0.0,0.0,1.47,0.0,0.0,2.4,10.58,2.731,2.543,2.296,TRANSITIONS,True
Df4a,45.0,15.0,4,140,10.550113036925396,10.74,11.44,9.97,11.82,12.98,10.58,0.222,2.731,0.577,2.296,-,False
Df4a,45.0,15.0,5,98,7.385079125847777,8.03,7.45,7.45,6.75,6.04,6.04,0.537,2.731,0.155,2.296,-,False
Df4a,45.0,15.0,6,107,8.063300678221552,8.01,7.43,7.43,8.55,7.65,7.65,0.62,2.731,0.161,2.296,-,False
Df4a,45.0,15.0,7,143,10.776186887716655,7.78,7.22,7.22,6.73,6.03,6.03,0.577,2.731,0.167,2.296,-,False
Df4a,45.0,15.0,8,132,9.947249434815372,8.01,8.42,7.43,8.55,9.29,7.65,0.161,2.731,0.62,2.296,-,False
Df4a,45.0,15.0,9,1,0.07535795026375283,0.0,0.0,0.76,0.0,0.0,1.0,10.241,2.731,6.336,2.296,TRANSITIONS,True
Df4a,45.0,15.0,10,81,6.103993971363979,6.8,7.08,6.31,7.22,7.46,6.46,0.285,2.731,0.62,2.296,-,False
Df4a,45.0,15.0,11,1,0.07535795026375283,0.0,0.0,0.98,0.0,0.0,1.64,5.898,2.731,3.651,2.296,TRANSITIONS,True
Df4a,45.0,15.0,12,98,7.385079125847777,8.64,8.02,8.02,8.94,8.0,8.0,0.537,2.731,0.399,2.296,-,False
Df4a,45.0,15.0,13,117,8.81688018085908,6.8,6.31,6.31,7.22,6.46,6.46,0.62,2.731,0.285,2.296,-,False
Df4a,45.0,15.0,14,104,7.837226827430294,10.74,9.97,9.97,11.82,10.58,10.58,0.577,2.731,0.222,2.296,-,False
Df4a,45.0,15.0,15,101,7.611152976639035,8.64,9.38,8.02,8.94,10.22,8.0,0.399,2.731,0.537,2.296,-,False
Df4a,45.0,15.0,16,0,0.0,0.0,0.0,1.34,0.0,0.0,1.95,6.102,2.731,3.272,2.296,TRANSITIONS,True
Df4a,45.0,15.0,17,111,8.364732479276563,7.78,8.56,7.22,6.73,7.98,6.03,0.167,2.731,0.577,2.296,-,False
Df4a,45.0,15.0,18,0,0.0,0.0,0.0,1.36,0.0,0.0,2.23,4.418,2.731,2.549,2.296,TRANSITIONS,True
Df4a,45.0,15.0,-1,673,50.71590052750565,,,,,,,,2.731,,2.296,UNMATCHED (no catalog pose within quat_match_tol),False
Df4a,45.0,18.0,1,1,0.078125,0.0,0.0,1.17,0.0,0.0,1.19,5.84,2.731,3.368,2.296,TRANSITIONS,True
Df4a,45.0,18.0,2,102,7.96875,8.05,8.7,7.53,7.24,7.74,6.54,0.155,2.731,0.537,2.296,-,False
Df4a,45.0,18.0,3,0,0.0,0.0,0.0,1.34,0.0,0.0,2.22,10.58,2.731,2.543,2.296,TRANSITIONS,True
Df4a,45.0,18.0,4,109,8.515625,10.92,11.55,10.21,12.08,13.14,10.91,0.222,2.731,0.577,2.296,-,False
Df4a,45.0,18.0,5,90,7.03125,8.05,7.53,7.53,7.24,6.54,6.54,0.537,2.731,0.155,2.296,-,False
Df4a,45.0,18.0,6,110,8.59375,8.01,7.48,7.48,8.47,7.65,7.65,0.62,2.731,0.161,2.296,-,False
Df4a,45.0,18.0,7,127,9.921875,7.75,7.25,7.25,6.64,6.01,6.01,0.577,2.731,0.167,2.296,-,False
Df4a,45.0,18.0,8,118,9.21875,8.01,8.35,7.48,8.47,9.1,7.65,0.161,2.731,0.62,2.296,-,False
Df4a,45.0,18.0,9,3,0.234375,0.0,0.0,0.67,0.0,0.0,0.87,10.241,2.731,6.336,2.296,TRANSITIONS,True
Df4a,45.0,18.0,10,112,8.75,6.79,7.02,6.35,6.97,7.16,6.3,0.285,2.731,0.62,2.296,-,False
Df4a,45.0,18.0,11,0,0.0,0.0,0.0,0.87,0.0,0.0,1.44,5.898,2.731,3.651,2.296,TRANSITIONS,True
Df4a,45.0,18.0,12,126,9.84375,8.47,7.92,7.92,8.6,7.77,7.77,0.537,2.731,0.399,2.296,-,False
Df4a,45.0,18.0,13,101,7.890625,6.79,6.35,6.35,6.97,6.3,6.3,0.62,2.731,0.285,2.296,-,False
Df4a,45.0,18.0,14,94,7.34375,10.92,10.21,10.21,12.08,10.91,10.91,0.577,2.731,0.222,2.296,-,False
Df4a,45.0,18.0,15,92,7.1875,8.47,9.17,7.92,8.6,9.89,7.77,0.399,2.731,0.537,2.296,-,False
Df4a,45.0,18.0,16,1,0.078125,0.0,0.0,1.21,0.0,0.0,1.78,6.102,2.731,3.272,2.296,TRANSITIONS,True
Df4a,45.0,18.0,17,94,7.34375,7.75,8.46,7.25,6.64,7.79,6.01,0.167,2.731,0.577,2.296,-,False
Df4a,45.0,18.0,18,0,0.0,0.0,0.0,1.25,0.0,0.0,2.11,4.418,2.731,2.549,2.296,TRANSITIONS,True
Df4a,45.0,18.0,-1,720,56.25,,,,,,,,2.731,,2.296,UNMATCHED (no catalog pose within quat_match_tol),False
Df4a,45.0,20.0,1,1,0.09191176470588236,0.0,0.0,1.07,0.0,0.0,1.13,5.84,2.731,3.368,2.296,TRANSITIONS,True
Df4a,45.0,20.0,2,100,9.191176470588236,8.07,8.67,7.6,7.25,7.73,6.6,0.155,2.731,0.537,2.296,-,False
Df4a,45.0,20.0,3,0,0.0,0.0,0.0,1.22,0.0,0.0,2.07,10.58,2.731,2.543,2.296,TRANSITIONS,True
Df4a,45.0,20.0,4,109,10.018382352941176,11.11,11.67,10.46,12.61,13.56,11.49,0.222,2.731,0.577,2.296,-,False
Df4a,45.0,20.0,5,89,8.180147058823529,8.07,7.6,7.6,7.25,6.6,6.6,0.537,2.731,0.155,2.296,-,False
Df4a,45.0,20.0,6,92,8.455882352941176,8.0,7.53,7.53,8.32,7.58,7.58,0.62,2.731,0.161,2.296,-,False
Df4a,45.0,20.0,7,101,9.283088235294118,7.73,7.27,7.27,6.49,5.91,5.91,0.577,2.731,0.167,2.296,-,False
Df4a,45.0,20.0,8,102,9.375,8.0,8.29,7.53,8.32,8.86,7.58,0.161,2.731,0.62,2.296,-,False
Df4a,45.0,20.0,9,4,0.36764705882352944,0.0,0.0,0.59,0.0,0.0,0.77,10.241,2.731,6.336,2.296,TRANSITIONS,True
Df4a,45.0,20.0,10,97,8.915441176470589,6.79,6.98,6.39,6.88,7.04,6.27,0.285,2.731,0.62,2.296,-,False
Df4a,45.0,20.0,11,1,0.09191176470588236,0.0,0.0,0.76,0.0,0.0,1.28,5.898,2.731,3.651,2.296,TRANSITIONS,True
Df4a,45.0,20.0,12,92,8.455882352941176,8.3,7.81,7.81,8.45,7.7,7.7,0.537,2.731,0.399,2.296,-,False
Df4a,45.0,20.0,13,91,8.363970588235293,6.79,6.39,6.39,6.88,6.27,6.27,0.62,2.731,0.285,2.296,-,False
Df4a,45.0,20.0,14,58,5.330882352941177,11.11,10.46,10.46,12.61,11.49,11.49,0.577,2.731,0.222,2.296,-,False
Df4a,45.0,20.0,15,67,6.158088235294118,8.3,8.97,7.81,8.45,9.72,7.7,0.399,2.731,0.537,2.296,-,False
Df4a,45.0,20.0,16,0,0.0,0.0,0.0,1.09,0.0,0.0,1.65,6.102,2.731,3.272,2.296,TRANSITIONS,True
Df4a,45.0,20.0,17,83,7.6286764705882355,7.73,8.37,7.27,6.49,7.56,5.91,0.167,2.731,0.577,2.296,-,False
Df4a,45.0,20.0,18,1,0.09191176470588236,0.0,0.0,1.15,0.0,0.0,2.02,4.418,2.731,2.549,2.296,TRANSITIONS,True
Df4a,45.0,20.0,-1,912,83.82352941176471,,,,,,,,2.731,,2.296,UNMATCHED (no catalog pose within quat_match_tol),False
Ql4i,15.0,15.0,1,140,8.187134502923977,12.58,12.62,3.78,12.55,13.09,4.43,0.264,2.731,0.25,2.296,-,False
Ql4i,15.0,15.0,2,18,1.0526315789473684,0.0,0.0,8.36,0.0,0.0,7.97,4.163,2.731,1.04,2.296,TRANSITIONS,True
Ql4i,15.0,15.0,3,217,12.690058479532164,12.39,12.35,3.73,12.42,12.41,4.38,0.236,2.731,0.25,2.296,-,False
Ql4i,15.0,15.0,4,22,1.286549707602339,0.0,0.0,8.57,0.0,0.0,8.61,3.732,2.731,0.932,2.296,TRANSITIONS,True
Ql4i,15.0,15.0,5,2,0.11695906432748537,0.0,0.0,0.25,0.0,0.0,0.04,1.056,2.731,4.0,2.296,FLOOR-UNSTABLE,True
Ql4i,15.0,15.0,6,0,0.0,0.0,0.0,0.26,0.0,0.0,0.06,1.059,2.731,4.216,2.296,FLOOR-UNSTABLE,True
Ql4i,15.0,15.0,7,2,0.11695906432748537,0.0,0.0,0.27,0.0,0.0,0.05,0.945,2.731,3.984,2.296,FLOOR-UNSTABLE,True
Ql4i,15.0,15.0,8,1,0.05847953216374269,0.0,0.0,0.26,0.0,0.0,0.05,0.947,2.731,3.774,2.296,FLOOR-UNSTABLE,True
Ql4i,15.0,15.0,9,9,0.5263157894736842,0.0,0.0,8.68,0.0,0.0,6.92,4.0,2.731,0.944,2.296,TRANSITIONS,True
Ql4i,15.0,15.0,10,236,13.801169590643275,12.86,12.81,3.87,12.82,11.49,4.52,0.25,2.731,0.236,2.296,-,False
Ql4i,15.0,15.0,11,26,1.5204678362573099,0.0,0.0,8.65,0.0,0.0,8.09,3.936,2.731,0.928,2.296,TRANSITIONS,True
Ql4i,15.0,15.0,12,190,11.11111111111111,12.86,12.79,3.87,12.82,12.67,4.52,0.25,2.731,0.236,2.296,-,False
Ql4i,15.0,15.0,13,2,0.11695906432748537,0.0,0.0,0.25,0.0,0.0,0.04,1.056,2.731,4.0,2.296,FLOOR-UNSTABLE,True
Ql4i,15.0,15.0,14,1,0.05847953216374269,0.0,0.0,0.26,0.0,0.0,0.06,1.059,2.731,4.216,2.296,FLOOR-UNSTABLE,True
Ql4i,15.0,15.0,15,5,0.29239766081871343,0.0,0.0,0.27,0.0,0.0,0.05,0.945,2.731,3.984,2.296,FLOOR-UNSTABLE,True
Ql4i,15.0,15.0,16,2,0.11695906432748537,0.0,0.0,0.26,0.0,0.0,0.05,0.947,2.731,3.774,2.296,FLOOR-UNSTABLE,True
Ql4i,15.0,15.0,17,15,0.8771929824561403,0.0,0.0,8.33,0.0,0.0,7.61,4.0,2.731,1.056,2.296,TRANSITIONS,True
Ql4i,15.0,15.0,18,165,9.649122807017545,12.17,12.25,3.66,12.21,11.97,4.31,0.25,2.731,0.264,2.296,-,False
Ql4i,15.0,15.0,19,11,0.6432748538011696,0.0,0.0,8.31,0.0,0.0,8.5,3.936,2.731,1.037,2.296,TRANSITIONS,True
Ql4i,15.0,15.0,20,209,12.222222222222221,12.17,12.23,3.66,12.21,12.87,4.31,0.25,2.731,0.264,2.296,-,False
Ql4i,15.0,15.0,21,228,13.333333333333334,12.58,12.62,3.78,12.55,13.09,4.43,0.264,2.731,0.25,2.296,-,False
Ql4i,15.0,15.0,22,20,1.1695906432748537,0.0,0.0,8.36,0.0,0.0,7.97,4.163,2.731,1.04,2.296,TRANSITIONS,True
Ql4i,15.0,15.0,23,170,9.941520467836257,12.39,12.35,3.73,12.42,12.41,4.38,0.236,2.731,0.25,2.296,-,False
Ql4i,15.0,15.0,24,19,1.1111111111111112,0.0,0.0,8.57,0.0,0.0,8.61,3.732,2.731,0.932,2.296,TRANSITIONS,True
Ql4i,15.0,15.0,-1,290,16.95906432748538,,,,,,,,2.731,,2.296,UNMATCHED (no catalog pose within quat_match_tol),False
Ql4i,15.0,18.0,1,192,10.702341137123746,12.57,12.63,3.63,12.61,13.16,4.29,0.264,2.731,0.25,2.296,-,False
Ql4i,15.0,18.0,2,21,1.1705685618729098,0.0,0.0,8.47,0.0,0.0,8.13,4.163,2.731,1.04,2.296,TRANSITIONS,True
Ql4i,15.0,18.0,3,207,11.538461538461538,12.4,12.32,3.58,12.36,12.43,4.21,0.236,2.731,0.25,2.296,-,False
Ql4i,15.0,18.0,4,23,1.2820512820512822,0.0,0.0,8.72,0.0,0.0,8.77,3.732,2.731,0.932,2.296,TRANSITIONS,True
Ql4i,15.0,18.0,5,0,0.0,0.0,0.0,0.26,0.0,0.0,0.07,1.056,2.731,4.0,2.296,FLOOR-UNSTABLE,True
Ql4i,15.0,18.0,6,1,0.055741360089186176,0.0,0.0,0.27,0.0,0.0,0.09,1.059,2.731,4.216,2.296,FLOOR-UNSTABLE,True
Ql4i,15.0,18.0,7,0,0.0,0.0,0.0,0.29,0.0,0.0,0.1,0.945,2.731,3.984,2.296,FLOOR-UNSTABLE,True
Ql4i,15.0,18.0,8,1,0.055741360089186176,0.0,0.0,0.28,0.0,0.0,0.09,0.947,2.731,3.774,2.296,FLOOR-UNSTABLE,True
Ql4i,15.0,18.0,9,15,0.8361204013377926,0.0,0.0,8.82,0.0,0.0,6.92,4.0,2.731,0.944,2.296,TRANSITIONS,True
Ql4i,15.0,18.0,10,241,13.433667781493869,12.88,12.83,3.72,12.77,11.36,4.35,0.25,2.731,0.236,2.296,-,False
Ql4i,15.0,18.0,11,32,1.7837235228539576,0.0,0.0,8.8,0.0,0.0,8.29,3.936,2.731,0.928,2.296,TRANSITIONS,True
Ql4i,15.0,18.0,12,219,12.207357859531772,12.88,12.8,3.72,12.77,12.73,4.35,0.25,2.731,0.236,2.296,-,False
Ql4i,15.0,18.0,13,3,0.16722408026755853,0.0,0.0,0.26,0.0,0.0,0.07,1.056,2.731,4.0,2.296,FLOOR-UNSTABLE,True
Ql4i,15.0,18.0,14,6,0.33444816053511706,0.0,0.0,0.27,0.0,0.0,0.09,1.059,2.731,4.216,2.296,FLOOR-UNSTABLE,True
Ql4i,15.0,18.0,15,2,0.11148272017837235,0.0,0.0,0.29,0.0,0.0,0.1,0.945,2.731,3.984,2.296,FLOOR-UNSTABLE,True
Ql4i,15.0,18.0,16,6,0.33444816053511706,0.0,0.0,0.28,0.0,0.0,0.09,0.947,2.731,3.774,2.296,FLOOR-UNSTABLE,True
Ql4i,15.0,18.0,17,18,1.0033444816053512,0.0,0.0,8.46,0.0,0.0,7.58,4.0,2.731,1.056,2.296,TRANSITIONS,True
Ql4i,15.0,18.0,18,170,9.47603121516165,12.15,12.24,3.51,12.25,11.84,4.17,0.25,2.731,0.264,2.296,-,False
Ql4i,15.0,18.0,19,16,0.8918617614269788,0.0,0.0,8.44,0.0,0.0,8.63,3.936,2.731,1.037,2.296,TRANSITIONS,True
Ql4i,15.0,18.0,20,189,10.535117056856187,12.15,12.22,3.51,12.25,12.89,4.17,0.25,2.731,0.264,2.296,-,False
Ql4i,15.0,18.0,21,192,10.702341137123746,12.57,12.63,3.63,12.61,13.16,4.29,0.264,2.731,0.25,2.296,-,False
Ql4i,15.0,18.0,22,18,1.0033444816053512,0.0,0.0,8.47,0.0,0.0,8.13,4.163,2.731,1.04,2.296,TRANSITIONS,True
Ql4i,15.0,18.0,23,202,11.259754738015607,12.4,12.32,3.58,12.36,12.43,4.21,0.236,2.731,0.25,2.296,-,False
Ql4i,15.0,18.0,24,20,1.1148272017837235,0.0,0.0,8.72,0.0,0.0,8.77,3.732,2.731,0.932,2.296,TRANSITIONS,True
Ql4i,15.0,18.0,-1,206,11.482720178372352,,,,,,,,2.731,,2.296,UNMATCHED (no catalog pose within quat_match_tol),False
Ql4i,15.0,20.0,1,175,10.01717229536348,12.57,12.65,3.49,12.59,13.21,4.02,0.264,2.731,0.25,2.296,-,False
Ql4i,15.0,20.0,2,27,1.5455065827132226,0.0,0.0,8.57,0.0,0.0,8.36,4.163,2.731,1.04,2.296,TRANSITIONS,True
Ql4i,15.0,20.0,3,202,11.562678878076703,12.4,12.3,3.44,12.38,12.44,3.95,0.236,2.731,0.25,2.296,-,False
Ql4i,15.0,20.0,4,23,1.316542644533486,0.0,0.0,8.87,0.0,0.0,9.06,3.732,2.731,0.932,2.296,TRANSITIONS,True
Ql4i,15.0,20.0,5,0,0.0,0.0,0.0,0.28,0.0,0.0,0.1,1.056,2.731,4.0,2.296,FLOOR-UNSTABLE,True
Ql4i,15.0,20.0,6,2,0.11448196908986835,0.0,0.0,0.29,0.0,0.0,0.13,1.059,2.731,4.216,2.296,FLOOR-UNSTABLE,True
Ql4i,15.0,20.0,7,2,0.11448196908986835,0.0,0.0,0.31,0.0,0.0,0.14,0.945,2.731,3.984,2.296,FLOOR-UNSTABLE,True
Ql4i,15.0,20.0,8,0,0.0,0.0,0.0,0.3,0.0,0.0,0.13,0.947,2.731,3.774,2.296,FLOOR-UNSTABLE,True
Ql4i,15.0,20.0,9,13,0.7441327990841442,0.0,0.0,8.96,0.0,0.0,7.17,4.0,2.731,0.944,2.296,TRANSITIONS,True
Ql4i,15.0,20.0,10,193,11.047510017172295,12.89,12.84,3.58,12.77,11.36,4.08,0.25,2.731,0.236,2.296,-,False
Ql4i,15.0,20.0,11,36,2.0606754436176304,0.0,0.0,8.93,0.0,0.0,8.57,3.936,2.731,0.928,2.296,TRANSITIONS,True
Ql4i,15.0,20.0,12,237,13.5661133371494,12.89,12.81,3.58,12.77,12.77,4.08,0.25,2.731,0.236,2.296,-,False
Ql4i,15.0,20.0,13,3,0.17172295363480253,0.0,0.0,0.28,0.0,0.0,0.1,1.056,2.731,4.0,2.296,FLOOR-UNSTABLE,True
Ql4i,15.0,20.0,14,8,0.4579278763594734,0.0,0.0,0.29,0.0,0.0,0.13,1.059,2.731,4.216,2.296,FLOOR-UNSTABLE,True
Ql4i,15.0,20.0,15,2,0.11448196908986835,0.0,0.0,0.31,0.0,0.0,0.14,0.945,2.731,3.984,2.296,FLOOR-UNSTABLE,True
Ql4i,15.0,20.0,16,7,0.4006868918145392,0.0,0.0,0.3,0.0,0.0,0.13,0.947,2.731,3.774,2.296,FLOOR-UNSTABLE,True
Ql4i,15.0,20.0,17,10,0.5724098454493417,0.0,0.0,8.58,0.0,0.0,7.64,4.0,2.731,1.056,2.296,TRANSITIONS,True
Ql4i,15.0,20.0,18,160,9.158557527189467,12.14,12.23,3.37,12.25,11.67,3.91,0.25,2.731,0.264,2.296,-,False
Ql4i,15.0,20.0,19,20,1.1448196908986834,0.0,0.0,8.55,0.0,0.0,8.87,3.936,2.731,1.037,2.296,TRANSITIONS,True
Ql4i,15.0,20.0,20,180,10.303377218088151,12.14,12.2,3.37,12.25,12.91,3.91,0.25,2.731,0.264,2.296,-,False
Ql4i,15.0,20.0,21,179,10.246136233543217,12.57,12.65,3.49,12.59,13.21,4.02,0.264,2.731,0.25,2.296,-,False
Ql4i,15.0,20.0,22,25,1.4310246136233544,0.0,0.0,8.57,0.0,0.0,8.36,4.163,2.731,1.04,2.296,TRANSITIONS,True
Ql4i,15.0,20.0,23,229,13.108185460789926,12.4,12.3,3.44,12.38,12.44,3.95,0.236,2.731,0.25,2.296,-,False
Ql4i,15.0,20.0,24,14,0.8013737836290784,0.0,0.0,8.87,0.0,0.0,9.06,3.732,2.731,0.932,2.296,TRANSITIONS,True
Ql4i,15.0,20.0,-1,253,14.481969089868345,,,,,,,,2.731,,2.296,UNMATCHED (no catalog pose within quat_match_tol),False
Ql4i,25.0,15.0,1,161,9.871244635193133,12.64,12.64,5.45,12.62,12.95,7.65,0.264,2.731,0.25,2.296,-,False
Ql4i,25.0,15.0,2,8,0.49049662783568365,0.0,0.0,6.26,0.0,0.0,4.83,4.163,2.731,1.04,2.296,TRANSITIONS,True
Ql4i,25.0,15.0,3,212,12.998160637645617,12.33,12.32,5.31,12.35,12.45,7.49,0.236,2.731,0.25,2.296,-,False
Ql4i,25.0,15.0,4,14,0.8583690987124464,0.0,0.0,6.43,0.0,0.0,5.16,3.732,2.731,0.932,2.296,TRANSITIONS,True
Ql4i,25.0,15.0,5,3,0.18393623543838136,0.0,0.0,0.72,0.0,0.0,0.11,1.056,2.731,4.0,2.296,FLOOR-UNSTABLE,True
Ql4i,25.0,15.0,6,0,0.0,0.0,0.0,0.75,0.0,0.0,0.13,1.059,2.731,4.216,2.296,FLOOR-UNSTABLE,True
Ql4i,25.0,15.0,7,0,0.0,0.0,0.0,0.79,0.0,0.0,0.14,0.945,2.731,3.984,2.296,FLOOR-UNSTABLE,True
Ql4i,25.0,15.0,8,2,0.12262415695892091,0.0,0.0,0.76,0.0,0.0,0.14,0.947,2.731,3.774,2.296,FLOOR-UNSTABLE,True
Ql4i,25.0,15.0,9,6,0.3678724708767627,0.0,0.0,6.53,0.0,0.0,4.2,4.0,2.731,0.944,2.296,TRANSITIONS,True
Ql4i,25.0,15.0,10,255,15.634580012262417,12.88,12.86,5.55,12.84,12.11,7.79,0.25,2.731,0.236,2.296,-,False
Ql4i,25.0,15.0,11,26,1.5941140404659717,0.0,0.0,6.52,0.0,0.0,5.02,3.936,2.731,0.928,2.296,TRANSITIONS,True
Ql4i,25.0,15.0,12,186,11.404046597179644,12.88,12.85,5.55,12.84,12.94,7.79,0.25,2.731,0.236,2.296,-,False
Ql4i,25.0,15.0,13,1,0.061312078479460456,0.0,0.0,0.72,0.0,0.0,0.11,1.056,2.731,4.0,2.296,FLOOR-UNSTABLE,True
Ql4i,25.0,15.0,14,2,0.12262415695892091,0.0,0.0,0.75,0.0,0.0,0.13,1.059,2.731,4.216,2.296,FLOOR-UNSTABLE,True
Ql4i,25.0,15.0,15,4,0.24524831391784183,0.0,0.0,0.79,0.0,0.0,0.14,0.945,2.731,3.984,2.296,FLOOR-UNSTABLE,True
Ql4i,25.0,15.0,16,3,0.18393623543838136,0.0,0.0,0.76,0.0,0.0,0.14,0.947,2.731,3.774,2.296,FLOOR-UNSTABLE,True
Ql4i,25.0,15.0,17,11,0.674432863274065,0.0,0.0,6.22,0.0,0.0,4.15,4.0,2.731,1.056,2.296,TRANSITIONS,True
Ql4i,25.0,15.0,18,144,8.828939301042306,12.15,12.19,5.23,12.19,11.66,7.39,0.25,2.731,0.264,2.296,-,False
Ql4i,25.0,15.0,19,7,0.4291845493562232,0.0,0.0,6.21,0.0,0.0,4.98,3.936,2.731,1.037,2.296,TRANSITIONS,True
Ql4i,25.0,15.0,20,185,11.342734518700183,12.15,12.18,5.23,12.19,12.49,7.39,0.25,2.731,0.264,2.296,-,False
Ql4i,25.0,15.0,21,187,11.465358675659106,12.64,12.64,5.45,12.62,12.95,7.65,0.264,2.731,0.25,2.296,-,False
Ql4i,25.0,15.0,22,20,1.226241569589209,0.0,0.0,6.26,0.0,0.0,4.83,4.163,2.731,1.04,2.296,TRANSITIONS,True
Ql4i,25.0,15.0,23,184,11.281422440220723,12.33,12.32,5.31,12.35,12.45,7.49,0.236,2.731,0.25,2.296,-,False
Ql4i,25.0,15.0,24,10,0.6131207847946045,0.0,0.0,6.43,0.0,0.0,5.16,3.732,2.731,0.932,2.296,TRANSITIONS,True
Ql4i,25.0,15.0,-1,369,22.624156958920906,,,,,,,,2.731,,2.296,UNMATCHED (no catalog pose within quat_match_tol),False
Ql4i,25.0,18.0,1,156,9.59409594095941,12.63,12.65,5.22,12.69,12.98,7.39,0.264,2.731,0.25,2.296,-,False
Ql4i,25.0,18.0,2,11,0.6765067650676507,0.0,0.0,6.42,0.0,0.0,5.13,4.163,2.731,1.04,2.296,TRANSITIONS,True
Ql4i,25.0,18.0,3,218,13.407134071340714,12.34,12.31,5.1,12.29,12.44,7.16,0.236,2.731,0.25,2.296,-,False
Ql4i,25.0,18.0,4,20,1.2300123001230012,0.0,0.0,6.62,0.0,0.0,5.43,3.732,2.731,0.932,2.296,TRANSITIONS,True
Ql4i,25.0,18.0,5,3,0.18450184501845018,0.0,0.0,0.76,0.0,0.0,0.13,1.056,2.731,4.0,2.296,FLOOR-UNSTABLE,True
Ql4i,25.0,18.0,6,1,0.06150061500615006,0.0,0.0,0.79,0.0,0.0,0.15,1.059,2.731,4.216,2.296,FLOOR-UNSTABLE,True
Ql4i,25.0,18.0,7,3,0.18450184501845018,0.0,0.0,0.84,0.0,0.0,0.16,0.945,2.731,3.984,2.296,FLOOR-UNSTABLE,True
Ql4i,25.0,18.0,8,4,0.24600246002460024,0.0,0.0,0.81,0.0,0.0,0.16,0.947,2.731,3.774,2.296,FLOOR-UNSTABLE,True
Ql4i,25.0,18.0,9,11,0.6765067650676507,0.0,0.0,6.72,0.0,0.0,4.41,4.0,2.731,0.944,2.296,TRANSITIONS,True
Ql4i,25.0,18.0,10,194,11.931119311193111,12.9,12.88,5.33,12.82,12.02,7.47,0.25,2.731,0.236,2.296,-,False
Ql4i,25.0,18.0,11,23,1.4145141451414514,0.0,0.0,6.71,0.0,0.0,5.29,3.936,2.731,0.928,2.296,TRANSITIONS,True
Ql4i,25.0,18.0,12,210,12.915129151291513,12.9,12.86,5.33,12.82,12.92,7.47,0.25,2.731,0.236,2.296,-,False
Ql4i,25.0,18.0,13,9,0.5535055350553506,0.0,0.0,0.76,0.0,0.0,0.13,1.056,2.731,4.0,2.296,FLOOR-UNSTABLE,True
Ql4i,25.0,18.0,14,12,0.7380073800738007,0.0,0.0,0.79,0.0,0.0,0.15,1.059,2.731,4.216,2.296,FLOOR-UNSTABLE,True
Ql4i,25.0,18.0,15,10,0.6150061500615006,0.0,0.0,0.84,0.0,0.0,0.16,0.945,2.731,3.984,2.296,FLOOR-UNSTABLE,True
Ql4i,25.0,18.0,16,15,0.922509225092251,0.0,0.0,0.81,0.0,0.0,0.16,0.947,2.731,3.774,2.296,FLOOR-UNSTABLE,True
Ql4i,25.0,18.0,17,17,1.045510455104551,0.0,0.0,6.39,0.0,0.0,4.41,4.0,2.731,1.056,2.296,TRANSITIONS,True
Ql4i,25.0,18.0,18,159,9.77859778597786,12.13,12.18,5.02,12.21,11.66,7.12,0.25,2.731,0.264,2.296,-,False
Ql4i,25.0,18.0,19,16,0.984009840098401,0.0,0.0,6.37,0.0,0.0,5.29,3.936,2.731,1.037,2.296,TRANSITIONS,True
Ql4i,25.0,18.0,20,168,10.33210332103321,12.13,12.16,5.02,12.21,12.56,7.12,0.25,2.731,0.264,2.296,-,False
Ql4i,25.0,18.0,21,164,10.08610086100861,12.63,12.65,5.22,12.69,12.98,7.39,0.264,2.731,0.25,2.296,-,False
Ql4i,25.0,18.0,22,21,1.2915129151291513,0.0,0.0,6.42,0.0,0.0,5.13,4.163,2.731,1.04,2.296,TRANSITIONS,True
Ql4i,25.0,18.0,23,176,10.824108241082412,12.34,12.31,5.1,12.29,12.44,7.16,0.236,2.731,0.25,2.296,-,False
Ql4i,25.0,18.0,24,5,0.3075030750307503,0.0,0.0,6.62,0.0,0.0,5.43,3.732,2.731,0.932,2.296,TRANSITIONS,True
Ql4i,25.0,18.0,-1,374,23.001230012300123,,,,,,,,2.731,,2.296,UNMATCHED (no catalog pose within quat_match_tol),False
Ql4i,25.0,20.0,1,162,10.344827586206897,12.63,12.66,5.01,12.67,13.01,6.91,0.264,2.731,0.25,2.296,-,False
Ql4i,25.0,20.0,2,9,0.5747126436781609,0.0,0.0,6.57,0.0,0.0,5.5,4.163,2.731,1.04,2.296,TRANSITIONS,True
Ql4i,25.0,20.0,3,180,11.494252873563218,12.34,12.3,4.9,12.31,12.44,6.72,0.236,2.731,0.25,2.296,-,False
Ql4i,25.0,20.0,4,19,1.2132822477650065,0.0,0.0,6.8,0.0,0.0,5.87,3.732,2.731,0.932,2.296,TRANSITIONS,True
Ql4i,25.0,20.0,5,2,0.1277139208173691,0.0,0.0,0.8,0.0,0.0,0.19,1.056,2.731,4.0,2.296,FLOOR-UNSTABLE,True
Ql4i,25.0,20.0,6,2,0.1277139208173691,0.0,0.0,0.83,0.0,0.0,0.24,1.059,2.731,4.216,2.296,FLOOR-UNSTABLE,True
Ql4i,25.0,20.0,7,2,0.1277139208173691,0.0,0.0,0.88,0.0,0.0,0.23,0.945,2.731,3.984,2.296,FLOOR-UNSTABLE,True
Ql4i,25.0,20.0,8,3,0.19157088122605365,0.0,0.0,0.85,0.0,0.0,0.23,0.947,2.731,3.774,2.296,FLOOR-UNSTABLE,True
Ql4i,25.0,20.0,9,8,0.5108556832694764,0.0,0.0,6.9,0.0,0.0,4.76,4.0,2.731,0.944,2.296,TRANSITIONS,True
Ql4i,25.0,20.0,10,200,12.77139208173691,12.91,12.89,5.12,12.82,11.97,7.0,0.25,2.731,0.236,2.296,-,False
Ql4i,25.0,20.0,11,24,1.5325670498084292,0.0,0.0,6.89,0.0,0.0,5.71,3.936,2.731,0.928,2.296,TRANSITIONS,True
Ql4i,25.0,20.0,12,194,12.388250319284802,12.91,12.87,5.12,12.82,12.94,7.0,0.25,2.731,0.236,2.296,-,False
Ql4i,25.0,20.0,13,18,1.1494252873563218,0.0,0.0,0.8,0.0,0.0,0.19,1.056,2.731,4.0,2.296,FLOOR-UNSTABLE,True
Ql4i,25.0,20.0,14,20,1.277139208173691,0.0,0.0,0.83,0.0,0.0,0.24,1.059,2.731,4.216,2.296,FLOOR-UNSTABLE,True
Ql4i,25.0,20.0,15,26,1.6602809706257982,0.0,0.0,0.88,0.0,0.0,0.23,0.945,2.731,3.984,2.296,FLOOR-UNSTABLE,True
Ql4i,25.0,20.0,16,19,1.2132822477650065,0.0,0.0,0.85,0.0,0.0,0.23,0.947,2.731,3.774,2.296,FLOOR-UNSTABLE,True
Ql4i,25.0,20.0,17,18,1.1494252873563218,0.0,0.0,6.54,0.0,0.0,4.74,4.0,2.731,1.056,2.296,TRANSITIONS,True
Ql4i,25.0,20.0,18,154,9.83397190293742,12.12,12.17,4.81,12.21,11.61,6.66,0.25,2.731,0.264,2.296,-,False
Ql4i,25.0,20.0,19,5,0.31928480204342274,0.0,0.0,6.53,0.0,0.0,5.69,3.936,2.731,1.037,2.296,TRANSITIONS,True
Ql4i,25.0,20.0,20,156,9.96168582375479,12.12,12.15,4.81,12.21,12.57,6.66,0.25,2.731,0.264,2.296,-,False
Ql4i,25.0,20.0,21,148,9.450830140485312,12.63,12.66,5.01,12.67,13.01,6.91,0.264,2.731,0.25,2.296,-,False
Ql4i,25.0,20.0,22,16,1.0217113665389528,0.0,0.0,6.57,0.0,0.0,5.5,4.163,2.731,1.04,2.296,TRANSITIONS,True
Ql4i,25.0,20.0,23,169,10.79182630906769,12.34,12.3,4.9,12.31,12.44,6.72,0.236,2.731,0.25,2.296,-,False
Ql4i,25.0,20.0,24,12,0.7662835249042146,0.0,0.0,6.8,0.0,0.0,5.87,3.732,2.731,0.932,2.296,TRANSITIONS,True
Ql4i,25.0,20.0,-1,434,27.713920817369093,,,,,,,,2.731,,2.296,UNMATCHED (no catalog pose within quat_match_tol),False
Ql4i,35.0,15.0,1,147,9.551656920077972,12.7,12.67,6.62,12.7,12.82,9.87,0.264,2.731,0.25,2.296,-,False
Ql4i,35.0,15.0,2,5,0.3248862897985705,0.0,0.0,4.33,0.0,0.0,2.54,4.163,2.731,1.04,2.296,TRANSITIONS,True
Ql4i,35.0,15.0,3,234,15.2046783625731,12.28,12.3,6.4,12.28,12.37,9.54,0.236,2.731,0.25,2.296,-,False
Ql4i,35.0,15.0,4,15,0.9746588693957114,0.0,0.0,4.43,0.0,0.0,2.65,3.732,2.731,0.932,2.296,TRANSITIONS,True
Ql4i,35.0,15.0,5,2,0.1299545159194282,0.0,0.0,1.53,0.0,0.0,0.25,1.056,2.731,4.0,2.296,FLOOR-UNSTABLE,True
Ql4i,35.0,15.0,6,1,0.0649772579597141,0.0,0.0,1.58,0.0,0.0,0.3,1.059,2.731,4.216,2.296,FLOOR-UNSTABLE,True
Ql4i,35.0,15.0,7,3,0.1949317738791423,0.0,0.0,1.67,0.0,0.0,0.31,0.945,2.731,3.984,2.296,FLOOR-UNSTABLE,True
Ql4i,35.0,15.0,8,2,0.1299545159194282,0.0,0.0,1.61,0.0,0.0,0.31,0.947,2.731,3.774,2.296,FLOOR-UNSTABLE,True
Ql4i,35.0,15.0,9,2,0.1299545159194282,0.0,0.0,4.54,0.0,0.0,2.17,4.0,2.731,0.944,2.296,TRANSITIONS,True
Ql4i,35.0,15.0,10,238,15.464587394411955,12.91,12.91,6.73,12.87,12.46,10.0,0.25,2.731,0.236,2.296,-,False
Ql4i,35.0,15.0,11,24,1.5594541910331383,0.0,0.0,4.53,0.0,0.0,2.61,3.936,2.731,0.928,2.296,TRANSITIONS,True
Ql4i,35.0,15.0,12,165,10.721247563352826,12.91,12.91,6.73,12.87,12.91,10.0,0.25,2.731,0.236,2.296,-,False
Ql4i,35.0,15.0,13,3,0.1949317738791423,0.0,0.0,1.53,0.0,0.0,0.25,1.056,2.731,4.0,2.296,FLOOR-UNSTABLE,True
Ql4i,35.0,15.0,14,8,0.5198180636777128,0.0,0.0,1.58,0.0,0.0,0.3,1.059,2.731,4.216,2.296,FLOOR-UNSTABLE,True
Ql4i,35.0,15.0,15,13,0.8447043534762833,0.0,0.0,1.67,0.0,0.0,0.31,0.945,2.731,3.984,2.296,FLOOR-UNSTABLE,True
Ql4i,35.0,15.0,16,10,0.649772579597141,0.0,0.0,1.61,0.0,0.0,0.31,0.947,2.731,3.774,2.296,FLOOR-UNSTABLE,True
Ql4i,35.0,15.0,17,12,0.7797270955165692,0.0,0.0,4.26,0.0,0.0,2.17,4.0,2.731,1.056,2.296,TRANSITIONS,True
Ql4i,35.0,15.0,18,133,8.641975308641975,12.12,12.13,6.32,12.16,11.9,9.45,0.25,2.731,0.264,2.296,-,False
Ql4i,35.0,15.0,19,4,0.2599090318388564,0.0,0.0,4.25,0.0,0.0,2.6,3.936,2.731,1.037,2.296,TRANSITIONS,True
Ql4i,35.0,15.0,20,184,11.955815464587394,12.12,12.12,6.32,12.16,12.34,9.45,0.25,2.731,0.264,2.296,-,False
Ql4i,35.0,15.0,21,177,11.500974658869396,12.7,12.67,6.62,12.7,12.82,9.87,0.264,2.731,0.25,2.296,-,False
Ql4i,35.0,15.0,22,11,0.7147498375568551,0.0,0.0,4.33,0.0,0.0,2.54,4.163,2.731,1.04,2.296,TRANSITIONS,True
Ql4i,35.0,15.0,23,142,9.226770630279402,12.28,12.3,6.4,12.28,12.37,9.54,0.236,2.731,0.25,2.296,-,False
Ql4i,35.0,15.0,24,4,0.2599090318388564,0.0,0.0,4.43,0.0,0.0,2.65,3.732,2.731,0.932,2.296,TRANSITIONS,True
Ql4i,35.0,15.0,-1,461,29.9545159194282,,,,,,,,2.731,,2.296,UNMATCHED (no catalog pose within quat_match_tol),False
Ql4i,35.0,18.0,1,134,9.103260869565217,12.69,12.67,6.35,12.75,12.89,9.53,0.264,2.731,0.25,2.296,-,False
Ql4i,35.0,18.0,2,7,0.47554347826086957,0.0,0.0,4.5,0.0,0.0,2.81,4.163,2.731,1.04,2.296,TRANSITIONS,True
Ql4i,35.0,18.0,3,189,12.839673913043478,12.28,12.3,6.14,12.22,12.33,9.14,0.236,2.731,0.25,2.296,-,False
Ql4i,35.0,18.0,4,15,1.0190217391304348,0.0,0.0,4.62,0.0,0.0,2.96,3.732,2.731,0.932,2.296,TRANSITIONS,True
Ql4i,35.0,18.0,5,3,0.20380434782608695,0.0,0.0,1.61,0.0,0.0,0.34,1.056,2.731,4.0,2.296,FLOOR-UNSTABLE,True
Ql4i,35.0,18.0,6,2,0.1358695652173913,0.0,0.0,1.66,0.0,0.0,0.4,1.059,2.731,4.216,2.296,FLOOR-UNSTABLE,True
Ql4i,35.0,18.0,7,4,0.2717391304347826,0.0,0.0,1.76,0.0,0.0,0.4,0.945,2.731,3.984,2.296,FLOOR-UNSTABLE,True
Ql4i,35.0,18.0,8,4,0.2717391304347826,0.0,0.0,1.7,0.0,0.0,0.41,0.947,2.731,3.774,2.296,FLOOR-UNSTABLE,True
Ql4i,35.0,18.0,9,13,0.8831521739130435,0.0,0.0,4.73,0.0,0.0,2.42,4.0,2.731,0.944,2.296,TRANSITIONS,True
Ql4i,35.0,18.0,10,182,12.36413043478261,12.92,12.93,6.46,12.85,12.41,9.61,0.25,2.731,0.236,2.296,-,False
Ql4i,35.0,18.0,11,14,0.9510869565217391,0.0,0.0,4.72,0.0,0.0,2.9,3.936,2.731,0.928,2.296,TRANSITIONS,True
Ql4i,35.0,18.0,12,197,13.383152173913043,12.92,12.92,6.46,12.85,12.91,9.61,0.25,2.731,0.236,2.296,-,False
Ql4i,35.0,18.0,13,13,0.8831521739130435,0.0,0.0,1.61,0.0,0.0,0.34,1.056,2.731,4.0,2.296,FLOOR-UNSTABLE,True
Ql4i,35.0,18.0,14,22,1.4945652173913044,0.0,0.0,1.66,0.0,0.0,0.4,1.059,2.731,4.216,2.296,FLOOR-UNSTABLE,True
Ql4i,35.0,18.0,15,26,1.766304347826087,0.0,0.0,1.76,0.0,0.0,0.4,0.945,2.731,3.984,2.296,FLOOR-UNSTABLE,True
Ql4i,35.0,18.0,16,24,1.6304347826086956,0.0,0.0,1.7,0.0,0.0,0.41,0.947,2.731,3.774,2.296,FLOOR-UNSTABLE,True
Ql4i,35.0,18.0,17,10,0.6793478260869565,0.0,0.0,4.43,0.0,0.0,2.4,4.0,2.731,1.056,2.296,TRANSITIONS,True
Ql4i,35.0,18.0,18,133,9.035326086956522,12.11,12.12,6.06,12.17,11.87,9.1,0.25,2.731,0.264,2.296,-,False
Ql4i,35.0,18.0,19,5,0.33967391304347827,0.0,0.0,4.42,0.0,0.0,2.88,3.936,2.731,1.037,2.296,TRANSITIONS,True
Ql4i,35.0,18.0,20,153,10.394021739130435,12.11,12.11,6.06,12.17,12.36,9.1,0.25,2.731,0.264,2.296,-,False
Ql4i,35.0,18.0,21,136,9.23913043478261,12.69,12.67,6.35,12.75,12.89,9.53,0.264,2.731,0.25,2.296,-,False
Ql4i,35.0,18.0,22,19,1.2907608695652173,0.0,0.0,4.5,0.0,0.0,2.81,4.163,2.731,1.04,2.296,TRANSITIONS,True
Ql4i,35.0,18.0,23,162,11.005434782608695,12.28,12.3,6.14,12.22,12.33,9.14,0.236,2.731,0.25,2.296,-,False
Ql4i,35.0,18.0,24,5,0.33967391304347827,0.0,0.0,4.62,0.0,0.0,2.96,3.732,2.731,0.932,2.296,TRANSITIONS,True
Ql4i,35.0,18.0,-1,528,35.869565217391305,,,,,,,,2.731,,2.296,UNMATCHED (no catalog pose within quat_match_tol),False
Ql4i,35.0,20.0,1,133,10.114068441064639,12.68,12.67,6.08,12.74,12.91,9.03,0.264,2.731,0.25,2.296,-,False
Ql4i,35.0,20.0,2,9,0.6844106463878327,0.0,0.0,4.66,0.0,0.0,3.12,4.163,2.731,1.04,2.296,TRANSITIONS,True
Ql4i,35.0,20.0,3,168,12.775665399239545,12.29,12.29,5.9,12.24,12.34,8.68,0.236,2.731,0.25,2.296,-,False
Ql4i,35.0,20.0,4,13,0.9885931558935361,0.0,0.0,4.8,0.0,0.0,3.31,3.732,2.731,0.932,2.296,TRANSITIONS,True
Ql4i,35.0,20.0,5,3,0.22813688212927757,0.0,0.0,1.69,0.0,0.0,0.48,1.056,2.731,4.0,2.296,FLOOR-UNSTABLE,True
Ql4i,35.0,20.0,6,7,0.532319391634981,0.0,0.0,1.74,0.0,0.0,0.57,1.059,2.731,4.216,2.296,FLOOR-UNSTABLE,True
Ql4i,35.0,20.0,7,15,1.1406844106463878,0.0,0.0,1.84,0.0,0.0,0.57,0.945,2.731,3.984,2.296,FLOOR-UNSTABLE,True
Ql4i,35.0,20.0,8,13,0.9885931558935361,0.0,0.0,1.79,0.0,0.0,0.58,0.947,2.731,3.774,2.296,FLOOR-UNSTABLE,True
Ql4i,35.0,20.0,9,20,1.520912547528517,0.0,0.0,4.91,0.0,0.0,2.7,4.0,2.731,0.944,2.296,TRANSITIONS,True
Ql4i,35.0,20.0,10,152,11.55893536121673,12.93,12.94,6.2,12.86,12.36,9.12,0.25,2.731,0.236,2.296,-,False
Ql4i,35.0,20.0,11,22,1.673003802281369,0.0,0.0,4.9,0.0,0.0,3.24,3.936,2.731,0.928,2.296,TRANSITIONS,True
Ql4i,35.0,20.0,12,156,11.863117870722434,12.93,12.93,6.2,12.86,12.93,9.12,0.25,2.731,0.236,2.296,-,False
Ql4i,35.0,20.0,13,13,0.9885931558935361,0.0,0.0,1.69,0.0,0.0,0.48,1.056,2.731,4.0,2.296,FLOOR-UNSTABLE,True
Ql4i,35.0,20.0,14,23,1.7490494296577948,0.0,0.0,1.74,0.0,0.0,0.57,1.059,2.731,4.216,2.296,FLOOR-UNSTABLE,True
Ql4i,35.0,20.0,15,26,1.9771863117870723,0.0,0.0,1.84,0.0,0.0,0.57,0.945,2.731,3.984,2.296,FLOOR-UNSTABLE,True
Ql4i,35.0,20.0,16,23,1.7490494296577948,0.0,0.0,1.79,0.0,0.0,0.58,0.947,2.731,3.774,2.296,FLOOR-UNSTABLE,True
Ql4i,35.0,20.0,17,6,0.45627376425855515,0.0,0.0,4.59,0.0,0.0,2.67,4.0,2.731,1.056,2.296,TRANSITIONS,True
Ql4i,35.0,20.0,18,108,8.212927756653992,12.1,12.11,5.8,12.17,11.82,8.63,0.25,2.731,0.264,2.296,-,False
Ql4i,35.0,20.0,19,5,0.38022813688212925,0.0,0.0,4.59,0.0,0.0,3.21,3.936,2.731,1.037,2.296,TRANSITIONS,True
Ql4i,35.0,20.0,20,117,8.897338403041825,12.1,12.1,5.8,12.17,12.38,8.63,0.25,2.731,0.264,2.296,-,False
Ql4i,35.0,20.0,21,130,9.885931558935361,12.68,12.67,6.08,12.74,12.91,9.03,0.264,2.731,0.25,2.296,-,False
Ql4i,35.0,20.0,22,16,1.2167300380228137,0.0,0.0,4.66,0.0,0.0,3.12,4.163,2.731,1.04,2.296,TRANSITIONS,True
Ql4i,35.0,20.0,23,133,10.114068441064639,12.29,12.29,5.9,12.24,12.34,8.68,0.236,2.731,0.25,2.296,-,False
Ql4i,35.0,20.0,24,4,0.3041825095057034,0.0,0.0,4.8,0.0,0.0,3.31,3.732,2.731,0.932,2.296,TRANSITIONS,True
Ql4i,35.0,20.0,-1,685,52.09125475285171,,,,,,,,2.731,,2.296,UNMATCHED (no catalog pose within quat_match_tol),False
Ql4i,45.0,15.0,1,138,9.243134628265238,12.41,12.46,6.86,12.41,12.48,10.4,0.264,2.731,0.25,2.296,-,False
Ql4i,45.0,15.0,2,5,0.33489618218352313,0.0,0.0,2.76,0.0,0.0,1.03,4.163,2.731,1.04,2.296,TRANSITIONS,True
Ql4i,45.0,15.0,3,203,13.596784996651039,12.59,12.53,6.96,12.59,12.61,10.56,0.236,2.731,0.25,2.296,-,False
Ql4i,45.0,15.0,4,4,0.2679169457468185,0.0,0.0,2.81,0.0,0.0,1.07,3.732,2.731,0.932,2.296,TRANSITIONS,True
Ql4i,45.0,15.0,5,3,0.20093770931011387,0.0,0.0,2.69,0.0,0.0,0.88,1.056,2.731,4.0,2.296,FLOOR-UNSTABLE,True
Ql4i,45.0,15.0,6,7,0.46885465505693236,0.0,0.0,2.77,0.0,0.0,1.04,1.059,2.731,4.216,2.296,FLOOR-UNSTABLE,True
Ql4i,45.0,15.0,7,3,0.20093770931011387,0.0,0.0,2.91,0.0,0.0,1.05,0.945,2.731,3.984,2.296,FLOOR-UNSTABLE,True
Ql4i,45.0,15.0,8,4,0.2679169457468185,0.0,0.0,2.83,0.0,0.0,1.08,0.947,2.731,3.774,2.296,FLOOR-UNSTABLE,True
Ql4i,45.0,15.0,9,9,0.6028131279303416,0.0,0.0,2.9,0.0,0.0,0.87,4.0,2.731,0.944,2.296,TRANSITIONS,True
Ql4i,45.0,15.0,10,204,13.663764233087743,12.59,12.71,6.96,12.59,12.44,10.56,0.25,2.731,0.236,2.296,-,False
Ql4i,45.0,15.0,11,16,1.071667782987274,0.0,0.0,2.89,0.0,0.0,1.04,3.936,2.731,0.928,2.296,TRANSITIONS,True
Ql4i,45.0,15.0,12,178,11.922304085733423,12.59,12.7,6.96,12.59,12.63,10.56,0.25,2.731,0.236,2.296,-,False
Ql4i,45.0,15.0,13,6,0.40187541862022774,0.0,0.0,2.69,0.0,0.0,0.88,1.056,2.731,4.0,2.296,FLOOR-UNSTABLE,True
Ql4i,45.0,15.0,14,12,0.8037508372404555,0.0,0.0,2.77,0.0,0.0,1.04,1.059,2.731,4.216,2.296,FLOOR-UNSTABLE,True
Ql4i,45.0,15.0,15,22,1.4735432016075016,0.0,0.0,2.91,0.0,0.0,1.05,0.945,2.731,3.984,2.296,FLOOR-UNSTABLE,True
Ql4i,45.0,15.0,16,13,0.87073007367716,0.0,0.0,2.83,0.0,0.0,1.08,0.947,2.731,3.774,2.296,FLOOR-UNSTABLE,True
Ql4i,45.0,15.0,17,7,0.46885465505693236,0.0,0.0,2.69,0.0,0.0,0.88,4.0,2.731,1.056,2.296,TRANSITIONS,True
Ql4i,45.0,15.0,18,128,8.573342263898192,12.41,12.31,6.86,12.41,12.28,10.4,0.25,2.731,0.264,2.296,-,False
Ql4i,45.0,15.0,19,4,0.2679169457468185,0.0,0.0,2.69,0.0,0.0,1.06,3.936,2.731,1.037,2.296,TRANSITIONS,True
Ql4i,45.0,15.0,20,169,11.319490957803081,12.41,12.31,6.86,12.41,12.47,10.4,0.25,2.731,0.264,2.296,-,False
Ql4i,45.0,15.0,21,167,11.185532484929672,12.41,12.46,6.86,12.41,12.48,10.4,0.264,2.731,0.25,2.296,-,False
Ql4i,45.0,15.0,22,16,1.071667782987274,0.0,0.0,2.76,0.0,0.0,1.03,4.163,2.731,1.04,2.296,TRANSITIONS,True
Ql4i,45.0,15.0,23,170,11.386470194239786,12.59,12.53,6.96,12.59,12.61,10.56,0.236,2.731,0.25,2.296,-,False
Ql4i,45.0,15.0,24,5,0.33489618218352313,0.0,0.0,2.81,0.0,0.0,1.07,3.732,2.731,0.932,2.296,TRANSITIONS,True
Ql4i,45.0,15.0,-1,507,33.95847287340924,,,,,,,,2.731,,2.296,UNMATCHED (no catalog pose within quat_match_tol),False
Ql4i,45.0,18.0,1,151,10.515320334261839,12.4,12.47,6.57,12.46,12.55,10.07,0.264,2.731,0.25,2.296,-,False
Ql4i,45.0,18.0,2,9,0.6267409470752089,0.0,0.0,2.89,0.0,0.0,1.22,4.163,2.731,1.04,2.296,TRANSITIONS,True
Ql4i,45.0,18.0,3,182,12.674094707520892,12.6,12.52,6.68,12.54,12.56,10.14,0.236,2.731,0.25,2.296,-,False
Ql4i,45.0,18.0,4,11,0.766016713091922,0.0,0.0,2.96,0.0,0.0,1.27,3.732,2.731,0.932,2.296,TRANSITIONS,True
Ql4i,45.0,18.0,5,6,0.4178272980501393,0.0,0.0,2.83,0.0,0.0,1.04,1.056,2.731,4.0,2.296,FLOOR-UNSTABLE,True
Ql4i,45.0,18.0,6,6,0.4178272980501393,0.0,0.0,2.91,0.0,0.0,1.23,1.059,2.731,4.216,2.296,FLOOR-UNSTABLE,True
Ql4i,45.0,18.0,7,5,0.34818941504178275,0.0,0.0,3.06,0.0,0.0,1.26,0.945,2.731,3.984,2.296,FLOOR-UNSTABLE,True
Ql4i,45.0,18.0,8,5,0.34818941504178275,0.0,0.0,2.97,0.0,0.0,1.28,0.947,2.731,3.774,2.296,FLOOR-UNSTABLE,True
Ql4i,45.0,18.0,9,13,0.9052924791086351,0.0,0.0,3.05,0.0,0.0,1.04,4.0,2.731,0.944,2.296,TRANSITIONS,True
Ql4i,45.0,18.0,10,156,10.86350974930362,12.6,12.72,6.68,12.54,12.37,10.14,0.25,2.731,0.236,2.296,-,False
Ql4i,45.0,18.0,11,16,1.1142061281337048,0.0,0.0,3.04,0.0,0.0,1.24,3.936,2.731,0.928,2.296,TRANSITIONS,True
Ql4i,45.0,18.0,12,171,11.90807799442897,12.6,12.72,6.68,12.54,12.59,10.14,0.25,2.731,0.236,2.296,-,False
Ql4i,45.0,18.0,13,12,0.8356545961002786,0.0,0.0,2.83,0.0,0.0,1.04,1.056,2.731,4.0,2.296,FLOOR-UNSTABLE,True
Ql4i,45.0,18.0,14,31,2.1587743732590527,0.0,0.0,2.91,0.0,0.0,1.23,1.059,2.731,4.216,2.296,FLOOR-UNSTABLE,True
Ql4i,45.0,18.0,15,35,2.437325905292479,0.0,0.0,3.06,0.0,0.0,1.26,0.945,2.731,3.984,2.296,FLOOR-UNSTABLE,True
Ql4i,45.0,18.0,16,19,1.3231197771587744,0.0,0.0,2.97,0.0,0.0,1.28,0.947,2.731,3.774,2.296,FLOOR-UNSTABLE,True
Ql4i,45.0,18.0,17,6,0.4178272980501393,0.0,0.0,2.83,0.0,0.0,1.04,4.0,2.731,1.056,2.296,TRANSITIONS,True
Ql4i,45.0,18.0,18,129,8.983286908077995,12.4,12.3,6.57,12.46,12.3,10.07,0.25,2.731,0.264,2.296,-,False
Ql4i,45.0,18.0,19,5,0.34818941504178275,0.0,0.0,2.82,0.0,0.0,1.25,3.936,2.731,1.037,2.296,TRANSITIONS,True
Ql4i,45.0,18.0,20,126,8.774373259052926,12.4,12.29,6.57,12.46,12.52,10.07,0.25,2.731,0.264,2.296,-,False
Ql4i,45.0,18.0,21,147,10.236768802228413,12.4,12.47,6.57,12.46,12.55,10.07,0.264,2.731,0.25,2.296,-,False
Ql4i,45.0,18.0,22,14,0.9749303621169917,0.0,0.0,2.89,0.0,0.0,1.22,4.163,2.731,1.04,2.296,TRANSITIONS,True
Ql4i,45.0,18.0,23,170,11.838440111420613,12.6,12.52,6.68,12.54,12.56,10.14,0.236,2.731,0.25,2.296,-,False
Ql4i,45.0,18.0,24,11,0.766016713091922,0.0,0.0,2.96,0.0,0.0,1.27,3.732,2.731,0.932,2.296,TRANSITIONS,True
Ql4i,45.0,18.0,-1,564,39.27576601671309,,,,,,,,2.731,,2.296,UNMATCHED (no catalog pose within quat_match_tol),False
Ql4i,45.0,20.0,1,129,9.992254066615027,12.39,12.47,6.3,12.45,12.57,9.62,0.264,2.731,0.25,2.296,-,False
Ql4i,45.0,20.0,2,9,0.69713400464756,0.0,0.0,3.02,0.0,0.0,1.44,4.163,2.731,1.04,2.296,TRANSITIONS,True
Ql4i,45.0,20.0,3,157,12.161115414407437,12.61,12.52,6.41,12.55,12.57,9.69,0.236,2.731,0.25,2.296,-,False
Ql4i,45.0,20.0,4,10,0.774593338497289,0.0,0.0,3.1,0.0,0.0,1.51,3.732,2.731,0.932,2.296,TRANSITIONS,True
Ql4i,45.0,20.0,5,5,0.3872966692486445,0.0,0.0,2.96,0.0,0.0,1.23,1.056,2.731,4.0,2.296,FLOOR-UNSTABLE,True
Ql4i,45.0,20.0,6,18,1.39426800929512,0.0,0.0,3.04,0.0,0.0,1.45,1.059,2.731,4.216,2.296,FLOOR-UNSTABLE,True
Ql4i,45.0,20.0,7,16,1.2393493415956622,0.0,0.0,3.21,0.0,0.0,1.5,0.945,2.731,3.984,2.296,FLOOR-UNSTABLE,True
Ql4i,45.0,20.0,8,15,1.1618900077459333,0.0,0.0,3.12,0.0,0.0,1.53,0.947,2.731,3.774,2.296,FLOOR-UNSTABLE,True
Ql4i,45.0,20.0,9,10,0.774593338497289,0.0,0.0,3.19,0.0,0.0,1.24,4.0,2.731,0.944,2.296,TRANSITIONS,True
Ql4i,45.0,20.0,10,151,11.696359411309063,12.61,12.74,6.41,12.55,12.34,9.69,0.25,2.731,0.236,2.296,-,False
Ql4i,45.0,20.0,11,18,1.39426800929512,0.0,0.0,3.19,0.0,0.0,1.48,3.936,2.731,0.928,2.296,TRANSITIONS,True
Ql4i,45.0,20.0,12,153,11.851278079008521,12.61,12.73,6.41,12.55,12.62,9.69,0.25,2.731,0.236,2.296,-,False
Ql4i,45.0,20.0,13,10,0.774593338497289,0.0,0.0,2.96,0.0,0.0,1.23,1.056,2.731,4.0,2.296,FLOOR-UNSTABLE,True
Ql4i,45.0,20.0,14,18,1.39426800929512,0.0,0.0,3.04,0.0,0.0,1.45,1.059,2.731,4.216,2.296,FLOOR-UNSTABLE,True
Ql4i,45.0,20.0,15,19,1.471727343144849,0.0,0.0,3.21,0.0,0.0,1.5,0.945,2.731,3.984,2.296,FLOOR-UNSTABLE,True
Ql4i,45.0,20.0,16,23,1.7815646785437644,0.0,0.0,3.12,0.0,0.0,1.53,0.947,2.731,3.774,2.296,FLOOR-UNSTABLE,True
Ql4i,45.0,20.0,17,6,0.46475600309837334,0.0,0.0,2.96,0.0,0.0,1.23,4.0,2.731,1.056,2.296,TRANSITIONS,True
Ql4i,45.0,20.0,18,112,8.675445391169635,12.39,12.28,6.3,12.45,12.25,9.62,0.25,2.731,0.264,2.296,-,False
Ql4i,45.0,20.0,19,10,0.774593338497289,0.0,0.0,2.95,0.0,0.0,1.47,3.936,2.731,1.037,2.296,TRANSITIONS,True
Ql4i,45.0,20.0,20,113,8.752904725019365,12.39,12.28,6.3,12.45,12.52,9.62,0.25,2.731,0.264,2.296,-,False
Ql4i,45.0,20.0,21,136,10.53446940356313,12.39,12.47,6.3,12.45,12.57,9.62,0.264,2.731,0.25,2.296,-,False
Ql4i,45.0,20.0,22,15,1.1618900077459333,0.0,0.0,3.02,0.0,0.0,1.44,4.163,2.731,1.04,2.296,TRANSITIONS,True
Ql4i,45.0,20.0,23,125,9.682416731216112,12.61,12.52,6.41,12.55,12.57,9.69,0.236,2.731,0.25,2.296,-,False
Ql4i,45.0,20.0,24,13,1.0069713400464757,0.0,0.0,3.1,0.0,0.0,1.51,3.732,2.731,0.932,2.296,TRANSITIONS,True
Ql4i,45.0,20.0,-1,709,54.918667699457785,,,,,,,,2.731,,2.296,UNMATCHED (no catalog pose within quat_match_tol),False
Rk2i,15.0,15.0,1,440,22.22222222222222,12.53,12.53,12.53,12.38,12.38,12.38,0.667,2.731,0.515,2.296,-,False
Rk2i,15.0,15.0,2,176,8.88888888888889,15.39,15.39,15.39,20.99,20.99,20.99,1.495,2.731,0.767,2.296,-,False
Rk2i,15.0,15.0,3,37,1.8686868686868687,3.13,3.13,3.13,1.95,1.95,1.95,1.37,2.731,2.048,2.296,-,False
Rk2i,15.0,15.0,4,57,2.878787878787879,2.92,2.92,2.92,2.12,2.12,2.12,0.73,2.731,1.495,2.296,-,False
Rk2i,15.0,15.0,5,34,1.7171717171717171,3.18,3.18,3.18,2.03,2.03,2.03,1.292,2.731,1.932,2.296,-,False
Rk2i,15.0,15.0,6,73,3.686868686868687,2.95,2.95,2.95,2.18,2.18,2.18,0.774,2.731,1.495,2.296,-,False
Rk2i,15.0,15.0,7,59,2.9797979797979797,8.91,8.91,8.91,5.88,5.88,5.88,2.061,2.731,1.374,2.296,-,False
Rk2i,15.0,15.0,8,245,12.373737373737374,6.64,6.64,6.64,6.14,6.14,6.14,0.485,2.731,0.667,2.296,-,False
Rk2i,15.0,15.0,9,60,3.0303030303030303,9.09,9.09,9.09,7.39,7.39,7.39,1.931,2.731,1.284,2.296,-,False
Rk2i,15.0,15.0,10,247,12.474747474747474,6.71,6.71,6.71,6.42,6.42,6.42,0.515,2.731,0.667,2.296,-,False
Rk2i,15.0,15.0,11,383,19.343434343434343,12.82,12.82,12.82,12.29,12.29,12.29,0.667,2.731,0.485,2.296,-,False
Rk2i,15.0,15.0,12,169,8.535353535353535,15.74,15.74,15.74,20.23,20.23,20.23,1.495,2.731,0.723,2.296,-,False
Rk2i,15.0,15.0,-1,20,1.0101010101010102,,,,,,,,2.731,,2.296,UNMATCHED (no catalog pose within quat_match_tol),False
Rk2i,15.0,18.0,1,447,22.91132752434649,12.32,12.32,12.32,12.3,12.3,12.3,0.667,2.731,0.515,2.296,-,False
Rk2i,15.0,18.0,2,176,9.02101486417222,15.41,15.41,15.41,20.66,20.66,20.66,1.495,2.731,0.767,2.296,-,False
Rk2i,15.0,18.0,3,37,1.8964633521271144,3.21,3.21,3.21,2.12,2.12,2.12,1.37,2.731,2.048,2.296,-,False
Rk2i,15.0,18.0,4,57,2.92157867760123,2.96,2.96,2.96,2.28,2.28,2.28,0.73,2.731,1.495,2.296,-,False
Rk2i,15.0,18.0,5,32,1.6401845207585855,3.27,3.27,3.27,2.22,2.22,2.22,1.292,2.731,1.932,2.296,-,False
Rk2i,15.0,18.0,6,64,3.280369041517171,2.99,2.99,2.99,2.33,2.33,2.33,0.774,2.731,1.495,2.296,-,False
Rk2i,15.0,18.0,7,59,3.0240902101486418,9.04,9.04,9.04,6.18,6.18,6.18,2.061,2.731,1.374,2.296,-,False
Rk2i,15.0,18.0,8,273,13.992824192721681,6.55,6.55,6.55,5.83,5.83,5.83,0.485,2.731,0.667,2.296,-,False
Rk2i,15.0,18.0,9,64,3.280369041517171,9.24,9.24,9.24,7.81,7.81,7.81,1.931,2.731,1.284,2.296,-,False
Rk2i,15.0,18.0,10,202,10.35366478728857,6.61,6.61,6.61,6.11,6.11,6.11,0.515,2.731,0.667,2.296,-,False
Rk2i,15.0,18.0,11,389,19.938493080471552,12.62,12.62,12.62,12.26,12.26,12.26,0.667,2.731,0.485,2.296,-,False
Rk2i,15.0,18.0,12,151,7.739620707329575,15.77,15.77,15.77,19.89,19.89,19.89,1.495,2.731,0.723,2.296,-,False
Rk2i,15.0,18.0,-1,49,2.511532547411584,,,,,,,,2.731,,2.296,UNMATCHED (no catalog pose within quat_match_tol),False
Rk2i,15.0,20.0,1,421,21.90426638917794,12.12,12.12,12.12,12.22,12.22,12.22,0.667,2.731,0.515,2.296,-,False
Rk2i,15.0,20.0,2,198,10.301768990634756,15.43,15.43,15.43,20.16,20.16,20.16,1.495,2.731,0.767,2.296,-,False
Rk2i,15.0,20.0,3,27,1.4047866805411031,3.3,3.3,3.3,2.27,2.27,2.27,1.37,2.731,2.048,2.296,-,False
Rk2i,15.0,20.0,4,60,3.121748178980229,3.0,3.0,3.0,2.41,2.41,2.41,0.73,2.731,1.495,2.296,-,False
Rk2i,15.0,20.0,5,27,1.4047866805411031,3.36,3.36,3.36,2.39,2.39,2.39,1.292,2.731,1.932,2.296,-,False
Rk2i,15.0,20.0,6,58,3.0176899063475546,3.03,3.03,3.03,2.46,2.46,2.46,0.774,2.731,1.495,2.296,-,False
Rk2i,15.0,20.0,7,57,2.9656607700312176,9.16,9.16,9.16,6.42,6.42,6.42,2.061,2.731,1.374,2.296,-,False
Rk2i,15.0,20.0,8,231,12.018730489073882,6.46,6.46,6.46,5.9,5.9,5.9,0.485,2.731,0.667,2.296,-,False
Rk2i,15.0,20.0,9,48,2.497398543184183,9.39,9.39,9.39,8.15,8.15,8.15,1.931,2.731,1.284,2.296,-,False
Rk2i,15.0,20.0,10,260,13.52757544224766,6.52,6.52,6.52,6.02,6.02,6.02,0.515,2.731,0.667,2.296,-,False
Rk2i,15.0,20.0,11,377,19.614984391259107,12.42,12.42,12.42,12.22,12.22,12.22,0.667,2.731,0.485,2.296,-,False
Rk2i,15.0,20.0,12,158,8.220603537981269,15.8,15.8,15.8,19.37,19.37,19.37,1.495,2.731,0.723,2.296,-,False
Rk2i,15.0,20.0,-1,78,4.0582726326742975,,,,,,,,2.731,,2.296,UNMATCHED (no catalog pose within quat_match_tol),False
Rk2i,25.0,15.0,1,367,18.986032074495604,11.87,11.87,11.87,10.54,10.54,10.54,0.667,2.731,0.515,2.296,-,False
Rk2i,25.0,15.0,2,153,7.9151577858251425,15.38,15.38,15.38,22.68,22.68,22.68,1.495,2.731,0.767,2.296,-,False
Rk2i,25.0,15.0,3,40,2.0693222969477496,3.25,3.25,3.25,1.57,1.57,1.57,1.37,2.731,2.048,2.296,-,False
Rk2i,25.0,15.0,4,70,3.621314019658562,3.01,3.01,3.01,1.6,1.6,1.6,0.73,2.731,1.495,2.296,-,False
Rk2i,25.0,15.0,5,48,2.4831867563372994,3.3,3.3,3.3,1.63,1.63,1.63,1.292,2.731,1.932,2.296,-,False
Rk2i,25.0,15.0,6,79,4.086911536471805,3.06,3.06,3.06,1.67,1.67,1.67,0.774,2.731,1.495,2.296,-,False
Rk2i,25.0,15.0,7,61,3.1557165028453182,9.46,9.46,9.46,8.76,8.76,8.76,2.061,2.731,1.374,2.296,-,False
Rk2i,25.0,15.0,8,259,13.39886187273668,6.48,6.48,6.48,4.04,4.04,4.04,0.485,2.731,0.667,2.296,-,False
Rk2i,25.0,15.0,9,57,2.9487842731505434,9.64,9.64,9.64,11.02,11.02,11.02,1.931,2.731,1.284,2.296,-,False
Rk2i,25.0,15.0,10,230,11.898603207449561,6.58,6.58,6.58,4.18,4.18,4.18,0.515,2.731,0.667,2.296,-,False
Rk2i,25.0,15.0,11,412,21.314019658561822,12.18,12.18,12.18,10.24,10.24,10.24,0.667,2.731,0.485,2.296,-,False
Rk2i,25.0,15.0,12,157,8.122090015519918,15.79,15.79,15.79,22.07,22.07,22.07,1.495,2.731,0.723,2.296,-,False
Rk2i,25.0,15.0,-1,67,3.4661148473874808,,,,,,,,2.731,,2.296,UNMATCHED (no catalog pose within quat_match_tol),False
Rk2i,25.0,18.0,1,399,21.486268174474958,11.69,11.69,11.69,10.05,10.05,10.05,0.667,2.731,0.515,2.296,-,False
Rk2i,25.0,18.0,2,172,9.262250942380183,15.41,15.41,15.41,22.06,22.06,22.06,1.495,2.731,0.767,2.296,-,False
Rk2i,25.0,18.0,3,34,1.830910070005385,3.32,3.32,3.32,1.76,1.76,1.76,1.37,2.731,2.048,2.296,-,False
Rk2i,25.0,18.0,4,59,3.1771674744211094,3.05,3.05,3.05,1.79,1.79,1.79,0.73,2.731,1.495,2.296,-,False
Rk2i,25.0,18.0,5,30,1.615508885298869,3.39,3.39,3.39,1.84,1.84,1.84,1.292,2.731,1.932,2.296,-,False
Rk2i,25.0,18.0,6,69,3.715670436187399,3.1,3.1,3.1,1.86,1.86,1.86,0.774,2.731,1.495,2.296,-,False
Rk2i,25.0,18.0,7,52,2.8002154011847065,9.55,9.55,9.55,9.05,9.05,9.05,2.061,2.731,1.374,2.296,-,False
Rk2i,25.0,18.0,8,218,11.739364566505115,6.39,6.39,6.39,4.35,4.35,4.35,0.485,2.731,0.667,2.296,-,False
Rk2i,25.0,18.0,9,47,2.5309639203015615,9.77,9.77,9.77,11.46,11.46,11.46,1.931,2.731,1.284,2.296,-,False
Rk2i,25.0,18.0,10,246,13.247172859450727,6.49,6.49,6.49,4.48,4.48,4.48,0.515,2.731,0.667,2.296,-,False
Rk2i,25.0,18.0,11,380,20.46311254711901,12.01,12.01,12.01,9.75,9.75,9.75,0.667,2.731,0.485,2.296,-,False
Rk2i,25.0,18.0,12,151,8.131394722670974,15.83,15.83,15.83,21.55,21.55,21.55,1.495,2.731,0.723,2.296,-,False
Rk2i,25.0,18.0,-1,143,7.700592353257943,,,,,,,,2.731,,2.296,UNMATCHED (no catalog pose within quat_match_tol),False
Rk2i,25.0,20.0,1,408,23.340961098398168,11.52,11.52,11.52,9.58,9.58,9.58,0.667,2.731,0.515,2.296,-,False
Rk2i,25.0,20.0,2,141,8.066361556064074,15.44,15.44,15.44,21.46,21.46,21.46,1.495,2.731,0.767,2.296,-,False
Rk2i,25.0,20.0,3,31,1.7734553775743707,3.4,3.4,3.4,1.93,1.93,1.93,1.37,2.731,2.048,2.296,-,False
Rk2i,25.0,20.0,4,40,2.288329519450801,3.09,3.09,3.09,1.95,1.95,1.95,0.73,2.731,1.495,2.296,-,False
Rk2i,25.0,20.0,5,33,1.8878718535469108,3.47,3.47,3.47,2.03,2.03,2.03,1.292,2.731,1.932,2.296,-,False
Rk2i,25.0,20.0,6,60,3.4324942791762014,3.13,3.13,3.13,2.02,2.02,2.02,0.774,2.731,1.495,2.296,-,False
Rk2i,25.0,20.0,7,39,2.2311212814645307,9.65,9.65,9.65,9.23,9.23,9.23,2.061,2.731,1.374,2.296,-,False
Rk2i,25.0,20.0,8,212,12.128146453089245,6.31,6.31,6.31,4.57,4.57,4.57,0.485,2.731,0.667,2.296,-,False
Rk2i,25.0,20.0,9,36,2.059496567505721,9.89,9.89,9.89,11.75,11.75,11.75,1.931,2.731,1.284,2.296,-,False
Rk2i,25.0,20.0,10,218,12.471395881006865,6.4,6.4,6.4,4.7,4.7,4.7,0.515,2.731,0.667,2.296,-,False
Rk2i,25.0,20.0,11,389,22.25400457665904,11.84,11.84,11.84,9.5,9.5,9.5,0.667,2.731,0.485,2.296,-,False
Rk2i,25.0,20.0,12,141,8.066361556064074,15.86,15.86,15.86,21.27,21.27,21.27,1.495,2.731,0.723,2.296,-,False
Rk2i,25.0,20.0,-1,252,14.416475972540045,,,,,,,,2.731,,2.296,UNMATCHED (no catalog pose within quat_match_tol),False
Rk2i,35.0,15.0,1,397,20.938818565400844,12.28,12.28,12.28,16.11,16.11,16.11,0.667,2.731,0.515,2.296,-,False
Rk2i,35.0,15.0,2,123,6.487341772151899,11.26,11.26,11.26,11.39,11.39,11.39,1.495,2.731,0.767,2.296,-,False
Rk2i,35.0,15.0,3,48,2.5316455696202533,3.95,3.95,3.95,2.32,2.32,2.32,1.37,2.731,2.048,2.296,-,False
Rk2i,35.0,15.0,4,70,3.691983122362869,4.91,4.91,4.91,2.55,2.55,2.55,0.73,2.731,1.495,2.296,-,False
Rk2i,35.0,15.0,5,40,2.109704641350211,4.02,4.02,4.02,2.4,2.4,2.4,1.292,2.731,1.932,2.296,-,False
Rk2i,35.0,15.0,6,71,3.7447257383966246,4.73,4.73,4.73,2.52,2.52,2.52,0.774,2.731,1.495,2.296,-,False
Rk2i,35.0,15.0,7,46,2.4261603375527425,10.28,10.28,10.28,12.24,12.24,12.24,2.061,2.731,1.374,2.296,-,False
Rk2i,35.0,15.0,8,285,15.031645569620252,6.87,6.87,6.87,4.13,4.13,4.13,0.485,2.731,0.667,2.296,-,False
Rk2i,35.0,15.0,9,48,2.5316455696202533,10.43,10.43,10.43,15.16,15.16,15.16,1.931,2.731,1.284,2.296,-,False
Rk2i,35.0,15.0,10,270,14.240506329113924,7.02,7.02,7.02,4.31,4.31,4.31,0.515,2.731,0.667,2.296,-,False
Rk2i,35.0,15.0,11,357,18.829113924050635,12.66,12.66,12.66,15.58,15.58,15.58,0.667,2.731,0.485,2.296,-,False
Rk2i,35.0,15.0,12,141,7.436708860759493,11.58,11.58,11.58,11.28,11.28,11.28,1.495,2.731,0.723,2.296,-,False
Rk2i,35.0,15.0,-1,104,5.485232067510548,,,,,,,,2.731,,2.296,UNMATCHED (no catalog pose within quat_match_tol),False
Rk2i,35.0,18.0,1,374,22.248661511005356,12.12,12.12,12.12,14.3,14.3,14.3,0.667,2.731,0.515,2.296,-,False
Rk2i,35.0,18.0,2,120,7.138607971445568,11.29,11.29,11.29,11.88,11.88,11.88,1.495,2.731,0.767,2.296,-,False
Rk2i,35.0,18.0,3,27,1.6061867935752527,4.03,4.03,4.03,2.53,2.53,2.53,1.37,2.731,2.048,2.296,-,False
Rk2i,35.0,18.0,4,69,4.104699583581201,4.96,4.96,4.96,2.82,2.82,2.82,0.73,2.731,1.495,2.296,-,False
Rk2i,35.0,18.0,5,51,3.0339083878643662,4.11,4.11,4.11,2.64,2.64,2.64,1.292,2.731,1.932,2.296,-,False
Rk2i,35.0,18.0,6,75,4.46162998215348,4.77,4.77,4.77,2.79,2.79,2.79,0.774,2.731,1.495,2.296,-,False
Rk2i,35.0,18.0,7,36,2.1415823914336705,10.36,10.36,10.36,12.75,12.75,12.75,2.061,2.731,1.374,2.296,-,False
Rk2i,35.0,18.0,8,237,14.098750743604997,6.78,6.78,6.78,4.42,4.42,4.42,0.485,2.731,0.667,2.296,-,False
Rk2i,35.0,18.0,9,43,2.558001189767995,10.53,10.53,10.53,15.82,15.82,15.82,1.931,2.731,1.284,2.296,-,False
Rk2i,35.0,18.0,10,247,14.69363474122546,6.92,6.92,6.92,4.6,4.6,4.6,0.515,2.731,0.667,2.296,-,False
Rk2i,35.0,18.0,11,293,17.430101130279596,12.5,12.5,12.5,13.68,13.68,13.68,0.667,2.731,0.485,2.296,-,False
Rk2i,35.0,18.0,12,109,6.4842355740630575,11.63,11.63,11.63,11.77,11.77,11.77,1.495,2.731,0.723,2.296,-,False
Rk2i,35.0,18.0,-1,319,18.9767995240928,,,,,,,,2.731,,2.296,UNMATCHED (no catalog pose within quat_match_tol),False
Rk2i,35.0,20.0,1,274,18.715846994535518,11.95,11.95,11.95,12.96,12.96,12.96,0.667,2.731,0.515,2.296,-,False
Rk2i,35.0,20.0,2,110,7.5136612021857925,11.33,11.33,11.33,12.14,12.14,12.14,1.495,2.731,0.767,2.296,-,False
Rk2i,35.0,20.0,3,34,2.3224043715846996,4.1,4.1,4.1,2.74,2.74,2.74,1.37,2.731,2.048,2.296,-,False
Rk2i,35.0,20.0,4,61,4.166666666666667,5.01,5.01,5.01,3.05,3.05,3.05,0.73,2.731,1.495,2.296,-,False
Rk2i,35.0,20.0,5,29,1.9808743169398908,4.2,4.2,4.2,2.86,2.86,2.86,1.292,2.731,1.932,2.296,-,False
Rk2i,35.0,20.0,6,71,4.8497267759562845,4.82,4.82,4.82,3.01,3.01,3.01,0.774,2.731,1.495,2.296,-,False
Rk2i,35.0,20.0,7,40,2.73224043715847,10.44,10.44,10.44,13.01,13.01,13.01,2.061,2.731,1.374,2.296,-,False
Rk2i,35.0,20.0,8,212,14.480874316939891,6.69,6.69,6.69,4.62,4.62,4.62,0.485,2.731,0.667,2.296,-,False
Rk2i,35.0,20.0,9,33,2.2540983606557377,10.64,10.64,10.64,16.18,16.18,16.18,1.931,2.731,1.284,2.296,-,False
Rk2i,35.0,20.0,10,203,13.866120218579235,6.83,6.83,6.83,4.79,4.79,4.79,0.515,2.731,0.667,2.296,-,False
Rk2i,35.0,20.0,11,271,18.510928961748633,12.33,12.33,12.33,12.61,12.61,12.61,0.667,2.731,0.485,2.296,-,False
Rk2i,35.0,20.0,12,126,8.60655737704918,11.67,11.67,11.67,12.03,12.03,12.03,1.495,2.731,0.723,2.296,-,False
Rk2i,35.0,20.0,-1,536,36.612021857923494,,,,,,,,2.731,,2.296,UNMATCHED (no catalog pose within quat_match_tol),False
Rk2i,45.0,15.0,1,323,17.52577319587629,9.9,9.9,9.9,10.82,10.82,10.82,0.667,2.731,0.515,2.296,-,False
Rk2i,45.0,15.0,2,103,5.588714053174172,7.87,7.87,7.87,7.06,7.06,7.06,1.495,2.731,0.767,2.296,-,False
Rk2i,45.0,15.0,3,40,2.1703743895822027,6.86,6.86,6.86,7.58,7.58,7.58,1.37,2.731,2.048,2.296,-,False
Rk2i,45.0,15.0,4,106,5.751492132392838,8.16,8.16,8.16,6.95,6.95,6.95,0.73,2.731,1.495,2.296,-,False
Rk2i,45.0,15.0,5,40,2.1703743895822027,6.98,6.98,6.98,7.82,7.82,7.82,1.292,2.731,1.932,2.296,-,False
Rk2i,45.0,15.0,6,96,5.208898534997287,7.9,7.9,7.9,7.1,7.1,7.1,0.774,2.731,1.495,2.296,-,False
Rk2i,45.0,15.0,7,44,2.387411828540423,6.85,6.85,6.85,6.25,6.25,6.25,2.061,2.731,1.374,2.296,-,False
Rk2i,45.0,15.0,8,320,17.362995116657622,10.24,10.24,10.24,10.46,10.46,10.46,0.485,2.731,0.667,2.296,-,False
Rk2i,45.0,15.0,9,35,1.8990775908844275,6.97,6.97,6.97,7.77,7.77,7.77,1.931,2.731,1.284,2.296,-,False
Rk2i,45.0,15.0,10,346,18.773738469886055,9.9,9.9,9.9,10.82,10.82,10.82,0.515,2.731,0.667,2.296,-,False
Rk2i,45.0,15.0,11,284,15.40965816603364,10.24,10.24,10.24,10.46,10.46,10.46,0.667,2.731,0.485,2.296,-,False
Rk2i,45.0,15.0,12,106,5.751492132392838,8.12,8.12,8.12,6.91,6.91,6.91,1.495,2.731,0.723,2.296,-,False
Rk2i,45.0,15.0,-1,157,8.518719479110146,,,,,,,,2.731,,2.296,UNMATCHED (no catalog pose within quat_match_tol),False
Rk2i,45.0,18.0,1,274,17.13570981863665,9.76,9.76,9.76,10.08,10.08,10.08,0.667,2.731,0.515,2.296,-,False
Rk2i,45.0,18.0,2,84,5.25328330206379,7.91,7.91,7.91,7.35,7.35,7.35,1.495,2.731,0.767,2.296,-,False
Rk2i,45.0,18.0,3,44,2.7517198248905568,6.95,6.95,6.95,8.06,8.06,8.06,1.37,2.731,2.048,2.296,-,False
Rk2i,45.0,18.0,4,84,5.25328330206379,8.21,8.21,8.21,7.24,7.24,7.24,0.73,2.731,1.495,2.296,-,False
Rk2i,45.0,18.0,5,25,1.5634771732332708,7.09,7.09,7.09,8.36,8.36,8.36,1.292,2.731,1.932,2.296,-,False
Rk2i,45.0,18.0,6,108,6.75422138836773,7.95,7.95,7.95,7.41,7.41,7.41,0.774,2.731,1.495,2.296,-,False
Rk2i,45.0,18.0,7,36,2.25140712945591,6.93,6.93,6.93,6.64,6.64,6.64,2.061,2.731,1.374,2.296,-,False
Rk2i,45.0,18.0,8,242,15.134459036898061,10.1,10.1,10.1,9.66,9.66,9.66,0.485,2.731,0.667,2.296,-,False
Rk2i,45.0,18.0,9,24,1.5009380863039399,7.07,7.07,7.07,8.29,8.29,8.29,1.931,2.731,1.284,2.296,-,False
Rk2i,45.0,18.0,10,334,20.888055034396498,9.76,9.76,9.76,10.08,10.08,10.08,0.515,2.731,0.667,2.296,-,False
Rk2i,45.0,18.0,11,252,15.75984990619137,10.1,10.1,10.1,9.66,9.66,9.66,0.667,2.731,0.485,2.296,-,False
Rk2i,45.0,18.0,12,92,5.7535959974984365,8.17,8.17,8.17,7.18,7.18,7.18,1.495,2.731,0.723,2.296,-,False
Rk2i,45.0,18.0,-1,401,25.078173858661664,,,,,,,,2.731,,2.296,UNMATCHED (no catalog pose within quat_match_tol),False
Rk2i,45.0,20.0,1,231,16.787790697674417,9.63,9.63,9.63,9.27,9.27,9.27,0.667,2.731,0.515,2.296,-,False
Rk2i,45.0,20.0,2,100,7.267441860465116,7.95,7.95,7.95,7.58,7.58,7.58,1.495,2.731,0.767,2.296,-,False
Rk2i,45.0,20.0,3,33,2.3982558139534884,7.03,7.03,7.03,8.5,8.5,8.5,1.37,2.731,2.048,2.296,-,False
Rk2i,45.0,20.0,4,73,5.305232558139535,8.26,8.26,8.26,7.47,7.47,7.47,0.73,2.731,1.495,2.296,-,False
Rk2i,45.0,20.0,5,29,2.1075581395348837,7.19,7.19,7.19,8.85,8.85,8.85,1.292,2.731,1.932,2.296,-,False
Rk2i,45.0,20.0,6,89,6.468023255813954,7.99,7.99,7.99,7.65,7.65,7.65,0.774,2.731,1.495,2.296,-,False
Rk2i,45.0,20.0,7,34,2.4709302325581395,7.01,7.01,7.01,7.01,7.01,7.01,2.061,2.731,1.374,2.296,-,False
Rk2i,45.0,20.0,8,237,17.223837209302324,9.96,9.96,9.96,9.12,9.12,9.12,0.485,2.731,0.667,2.296,-,False
Rk2i,45.0,20.0,9,24,1.744186046511628,7.17,7.17,7.17,8.77,8.77,8.77,1.931,2.731,1.284,2.296,-,False
Rk2i,45.0,20.0,10,237,17.223837209302324,9.63,9.63,9.63,9.27,9.27,9.27,0.515,2.731,0.667,2.296,-,False
Rk2i,45.0,20.0,11,215,15.625,9.96,9.96,9.96,9.12,9.12,9.12,0.667,2.731,0.485,2.296,-,False
Rk2i,45.0,20.0,12,74,5.377906976744186,8.22,8.22,8.22,7.4,7.4,7.4,1.495,2.731,0.723,2.296,-,False
Rk2i,45.0,20.0,-1,624,45.348837209302324,,,,,,,,2.731,,2.296,UNMATCHED (no catalog pose within quat_match_tol),False
